Lifespan,partType,microstructure,coolingRate,quenchTime,forgeTime,smallDefects,largeDefects,sliverDefects,seedLocation,castType
284.1616897,Blade,colGrain,25,4.460592403,7.93711602,22,0,7,Top,Investment
1599.551748,Blade,singleGrain,9,1.425972507,2.432947569,2,0,0,Bottom,Die
768.3110307,Nozzle,colGrain,26,2.508878629,3.841210576,25,0,0,Bottom,Investment
1697.663828,Blade,colGrain,12,3.248912745,2.610699532,10,0,0,Bottom,Continuous
1491.478862,Nozzle,colGrain,20,1.901670433,4.634926106,24,0,0,Top,Die
1759.263459,Block,equiGrain,5,3.188405976,7.000470196,1,0,0,Top,Investment
1570.701447,Blade,colGrain,14,3.869521739,1.063422291,10,0,0,Bottom,Investment
1882.134566,Block,equiGrain,10,3.097298833,9.959707982,0,0,0,Bottom,Investment
1651.235224,Nozzle,singleGrain,20,1.505928691,5.503859756,16,0,0,Bottom,Die
1983.805198,Nozzle,singleGrain,11,0.878899134,1.208900537,10,0,0,Bottom,Continuous
1320.741376,Valve,colGrain,17,0.732987976,4.323159133,19,0,0,Top,Die
1698.752178,Valve,colGrain,13,2.616335986,9.094751468,10,0,0,Top,Investment
2035.81066,Nozzle,colGrain,13,3.763736531,1.680260145,10,0,0,Top,Die
1306.666518,Valve,colGrain,22,4.483683289,6.134870428,18,0,0,Top,Die
1576.47422,Block,singleGrain,16,4.408546063,9.824223453,17,0,0,Top,Investment
1565.119103,Block,colGrain,21,2.379719636,2.860328511,23,0,0,Bottom,Continuous
1553.335314,Valve,colGrain,9,2.613434076,8.19106187,0,0,0,Top,Investment
1781.616477,Blade,colGrain,15,2.212776563,6.966489127,11,0,0,Bottom,Die
1723.014005,Block,singleGrain,7,4.357207453,2.445181788,0,0,9,Bottom,Investment
1348.440509,Blade,singleGrain,7,0.73788374,6.470902259,3,0,0,Bottom,Investment
1375.065779,Nozzle,equiGrain,20,2.288982958,4.574859256,16,0,0,Top,Investment
1837.561376,Valve,singleGrain,5,2.733373301,9.543729418,0,0,0,Bottom,Die
322.2892869,Blade,singleGrain,27,1.181496405,8.362039334,25,0,0,Top,Continuous
1720.282625,Block,singleGrain,17,2.847316149,1.995434431,18,0,0,Top,Die
1341.265806,Nozzle,singleGrain,17,0.946491073,1.245701227,18,0,0,Top,Investment
1371.180424,Nozzle,equiGrain,17,0.997831435,2.043806763,15,0,0,Top,Continuous
646.2124806,Valve,equiGrain,27,3.97307027,9.024994359,14,0,0,Bottom,Continuous
1912.064938,Block,singleGrain,7,4.874156459,9.591786354,0,0,0,Top,Continuous
1160.762594,Blade,equiGrain,17,3.304269444,1.597150801,19,0,0,Bottom,Continuous
1818.040456,Block,equiGrain,7,2.301781757,1.288934198,0,0,0,Top,Continuous
2013.513995,Block,colGrain,7,3.752171614,6.384536217,1,0,0,Bottom,Continuous
1881.82503,Block,equiGrain,9,1.267308948,7.606337105,0,0,0,Top,Die
1290.187741,Blade,equiGrain,5,3.505363089,8.113709881,1,0,0,Bottom,Investment
1607.511315,Nozzle,singleGrain,23,4.935535542,7.416547383,18,0,0,Bottom,Continuous
832.1799605,Nozzle,equiGrain,24,2.76175605,4.427466668,21,0,0,Bottom,Investment
1584.368095,Nozzle,equiGrain,22,2.148282736,9.891015946,14,0,0,Bottom,Continuous
1430.452433,Valve,colGrain,17,4.917161063,4.757098678,22,0,0,Bottom,Die
1710.463618,Nozzle,singleGrain,16,2.210492054,7.340527894,15,0,0,Bottom,Die
1374.302142,Blade,colGrain,10,1.745743223,4.672994693,1,0,0,Top,Continuous
1476.130311,Blade,colGrain,8,4.562109799,3.718002608,1,0,0,Bottom,Continuous
551.040702,Valve,equiGrain,28,1.817117457,2.354103621,20,0,0,Top,Die
1609.886093,Blade,equiGrain,12,4.211100333,1.720481422,11,0,0,Bottom,Investment
2136.414487,Block,singleGrain,7,4.151545308,5.66436146,1,0,0,Bottom,Continuous
857.0729114,Nozzle,singleGrain,27,2.472600321,9.295204055,19,0,0,Bottom,Investment
712.0975091,Valve,singleGrain,27,3.902748403,6.693759397,22,0,0,Bottom,Continuous
2077.570697,Block,singleGrain,12,4.38592958,2.14218662,9,0,0,Top,Investment
1569.678424,Nozzle,colGrain,23,3.204109639,7.100225863,21,0,0,Bottom,Continuous
392.2573759,Blade,equiGrain,28,1.960258157,2.316331743,22,0,0,Bottom,Die
1752.343627,Valve,singleGrain,9,4.857340021,6.553033886,1,0,0,Top,Die
1308.769462,Blade,colGrain,8,0.539609268,5.529802536,2,0,0,Top,Continuous
1519.077776,Blade,equiGrain,10,2.307621728,3.779472894,1,0,0,Bottom,Die
2218.081604,Block,singleGrain,15,3.4311821,4.394392581,8,0,0,Top,Investment
1714.206055,Block,singleGrain,16,1.069764286,9.164123428,21,0,0,Bottom,Continuous
2242.48272,Block,equiGrain,11,3.589632337,4.539682606,10,0,0,Bottom,Continuous
767.664372,Nozzle,colGrain,28,0.897395527,3.937398197,20,0,0,Bottom,Die
739.3754204,Nozzle,colGrain,24,3.686157382,3.081173199,22,0,0,Top,Investment
518.1557354,Nozzle,colGrain,29,1.081107583,1.523953911,21,0,0,Top,Continuous
768.497195,Nozzle,equiGrain,30,1.58529204,5.972477972,16,0,0,Bottom,Continuous
1248.777038,Valve,equiGrain,19,1.939422985,1.854310257,20,0,0,Top,Die
1711.161429,Nozzle,colGrain,6,3.396083451,1.879455454,1,0,0,Bottom,Investment
661.0592172,Valve,colGrain,27,3.773777291,6.688358865,17,4,0,Bottom,Continuous
1354.639278,Valve,colGrain,23,4.310386825,9.740791571,18,0,3,Bottom,Continuous
1494.738655,Valve,equiGrain,10,0.873927527,4.705222647,0,0,0,Bottom,Investment
1239.945657,Valve,equiGrain,22,4.596732653,7.346547298,17,0,0,Bottom,Investment
1383.392437,Valve,equiGrain,20,3.601542378,6.689290016,17,0,0,Bottom,Continuous
1494.708142,Nozzle,singleGrain,22,1.010611612,8.807049732,19,0,0,Top,Continuous
685.4187097,Nozzle,equiGrain,30,1.591782914,1.221869788,27,0,0,Bottom,Die
1210.017241,Blade,equiGrain,20,4.652726844,9.042516766,18,0,0,Bottom,Die
1989.66003,Nozzle,singleGrain,10,1.950019495,4.129455533,3,0,0,Bottom,Continuous
816.5906384,Nozzle,colGrain,30,3.686982307,5.467461625,21,0,0,Bottom,Die
557.0569335,Nozzle,colGrain,29,3.683356226,4.639516165,16,0,0,Top,Investment
1517.374251,Valve,singleGrain,9,4.695394739,2.9460359,1,0,7,Top,Die
1585.998296,Nozzle,colGrain,23,2.361309015,4.54790852,18,0,0,Bottom,Die
1034.981345,Nozzle,singleGrain,24,2.05842432,1.303669932,25,0,0,Bottom,Die
2082.345313,Nozzle,singleGrain,12,2.128567264,2.562323422,8,0,0,Bottom,Investment
1383.484476,Blade,singleGrain,7,1.952745433,1.446273667,0,0,0,Top,Continuous
1487.326656,Valve,equiGrain,5,1.219921416,3.052764448,1,0,0,Bottom,Investment
929.6724496,Block,singleGrain,28,1.955781993,8.809281185,21,0,0,Top,Continuous
1928.52291,Block,colGrain,10,2.630412473,2.767028967,1,0,0,Top,Die
1429.995968,Valve,singleGrain,19,2.221450077,5.520650224,16,0,0,Top,Die
1120.195202,Blade,equiGrain,20,2.82188345,2.752449416,15,0,0,Top,Continuous
1820.157122,Nozzle,singleGrain,6,2.665273978,9.527129342,1,0,0,Bottom,Investment
1672.158653,Block,singleGrain,6,1.069778514,7.799111734,2,0,7,Top,Continuous
865.4157945,Nozzle,singleGrain,27,4.286388225,7.523162718,21,0,0,Top,Die
1551.850872,Block,equiGrain,17,0.62524672,8.619562716,16,0,0,Bottom,Continuous
1549.774618,Blade,singleGrain,9,1.254459207,2.758278335,2,0,0,Bottom,Continuous
542.5527028,Nozzle,equiGrain,30,1.438940447,1.317555096,25,0,0,Top,Continuous
1567.052634,Valve,equiGrain,7,4.674007314,6.749113842,1,0,0,Top,Continuous
1367.524034,Nozzle,singleGrain,23,1.478606461,8.764689522,19,1,0,Top,Investment
1602.119969,Nozzle,colGrain,20,1.937742733,2.993526147,19,0,0,Bottom,Die
1446.727791,Valve,singleGrain,17,2.658646218,2.554846556,16,0,0,Top,Die
1991.139445,Block,singleGrain,7,4.619994036,7.421522577,5,0,0,Top,Continuous
1497.823766,Blade,colGrain,10,3.339230436,8.916796983,1,0,0,Top,Die
307.4791848,Blade,colGrain,26,2.83845869,3.594721007,25,0,0,Top,Continuous
863.490585,Block,singleGrain,27,3.384778881,4.526291455,12,0,0,Top,Investment
1003.284291,Block,singleGrain,24,4.117574731,1.752097313,15,0,0,Bottom,Investment
2022.321884,Valve,singleGrain,12,4.096698254,4.218262341,10,0,0,Bottom,Die
551.8769013,Valve,singleGrain,30,1.953602867,8.889761876,20,0,0,Bottom,Investment
985.4597113,Blade,singleGrain,21,0.826079396,6.914791727,16,0,5,Bottom,Continuous
1601.23964,Nozzle,colGrain,16,3.02462645,5.846641283,18,0,0,Bottom,Continuous
1154.19774,Valve,colGrain,21,0.623321976,3.644593435,18,0,0,Top,Continuous
221.5289157,Blade,singleGrain,30,1.730212059,4.179905872,23,0,7,Bottom,Continuous
1041.275095,Blade,colGrain,18,3.75964848,4.793501857,17,0,0,Top,Continuous
1578.660813,Block,singleGrain,22,4.721353444,4.015653986,18,0,0,Top,Investment
1967.400895,Valve,colGrain,11,4.199250966,9.739764199,10,0,0,Bottom,Die
1169.758612,Blade,singleGrain,23,3.621991096,3.994068997,17,0,0,Top,Continuous
926.9744519,Blade,equiGrain,19,0.536988215,2.249320525,21,0,0,Bottom,Investment
1426.125629,Nozzle,colGrain,20,3.47087739,9.433305464,20,0,0,Bottom,Investment
468.8101829,Valve,equiGrain,30,4.154874363,6.358981906,22,0,0,Top,Continuous
520.0601438,Valve,colGrain,24,4.938822763,6.098862459,23,0,0,Top,Investment
879.6775111,Block,colGrain,26,1.815664671,2.03263792,17,0,0,Bottom,Investment
1539.356566,Nozzle,singleGrain,20,3.459528833,4.790475359,24,0,0,Top,Continuous
860.0259487,Block,singleGrain,29,3.24578855,7.120598184,14,0,0,Top,Investment
1244.366334,Blade,equiGrain,10,2.949229761,6.898434544,2,0,0,Top,Investment
874.3292098,Block,equiGrain,30,2.987279202,3.574697326,17,0,0,Bottom,Continuous
176.58335,Blade,colGrain,29,1.395705238,4.495300958,20,0,0,Top,Investment
1949.900167,Block,colGrain,12,2.985829903,1.471917009,10,0,0,Top,Investment
1076.920984,Block,singleGrain,28,2.515043077,5.664965799,20,0,0,Bottom,Continuous
1326.430985,Blade,colGrain,7,1.411439811,2.233253536,0,0,0,Top,Die
1267.769882,Blade,singleGrain,20,3.925819101,4.259613007,16,0,0,Bottom,Continuous
431.3526386,Valve,equiGrain,26,2.630759477,2.24189296,14,0,0,Top,Investment
1749.858491,Nozzle,equiGrain,5,4.730773214,8.798262955,2,0,0,Top,Continuous
849.5289235,Block,singleGrain,29,3.614649239,1.08417669,21,0,0,Bottom,Investment
339.0310972,Blade,colGrain,24,3.121983798,7.76090516,18,0,0,Bottom,Investment
1534.590786,Block,equiGrain,21,1.705893522,7.180888086,22,0,0,Top,Die
2084.815554,Nozzle,singleGrain,12,4.038128964,3.803874825,11,0,0,Top,Continuous
1833.367871,Block,singleGrain,16,3.377096716,3.394869374,13,0,0,Bottom,Continuous
1499.811605,Nozzle,colGrain,17,4.164352851,8.309213712,15,0,0,Bottom,Continuous
2205.731409,Nozzle,singleGrain,12,4.672662245,2.860833403,10,0,0,Bottom,Continuous
1130.170241,Blade,equiGrain,17,1.663349224,4.670542979,18,0,6,Bottom,Continuous
601.6749682,Nozzle,equiGrain,29,0.680536421,1.592817518,16,0,0,Top,Continuous
487.6282604,Valve,colGrain,29,1.31614077,3.536252791,27,0,0,Top,Continuous
1930.23538,Nozzle,colGrain,11,1.487457902,9.210260326,13,0,0,Bottom,Investment
1720.958995,Block,equiGrain,21,4.495458076,4.904261941,18,0,0,Bottom,Die
1427.021409,Blade,colGrain,5,3.956654827,7.443701958,1,4,0,Bottom,Continuous
1956.100242,Block,colGrain,8,2.972309258,2.930289766,1,0,0,Bottom,Die
818.3737908,Nozzle,equiGrain,24,4.54593128,8.327719794,23,0,0,Bottom,Investment
2038.400966,Nozzle,colGrain,13,4.903798094,5.947627572,10,0,0,Top,Continuous
1558.064209,Nozzle,colGrain,20,2.339391118,6.220507287,18,0,0,Top,Die
969.1491163,Block,equiGrain,28,2.738707905,6.16689146,27,0,0,Bottom,Die
2105.479986,Nozzle,equiGrain,15,4.626526879,4.649376089,10,0,2,Top,Continuous
218.5743588,Blade,equiGrain,28,0.988897347,2.755521679,21,0,0,Top,Continuous
640.5722094,Valve,colGrain,24,0.571600419,4.796631725,18,0,0,Bottom,Continuous
1486.452684,Nozzle,colGrain,20,0.605146077,9.605830759,18,0,0,Bottom,Die
788.7685559,Nozzle,singleGrain,25,3.005509694,3.282943928,29,0,0,Top,Investment
1389.859008,Valve,singleGrain,19,1.040033471,2.858951489,16,0,0,Bottom,Die
1856.382101,Valve,equiGrain,15,3.995045444,3.889263647,8,0,0,Top,Continuous
1558.741925,Nozzle,singleGrain,22,3.708138008,6.035968652,20,4,0,Bottom,Continuous
2147.454395,Block,equiGrain,12,2.55199326,4.495710796,10,0,0,Top,Die
2031.33015,Block,equiGrain,6,1.953010446,1.621057931,2,0,0,Bottom,Die
2045.991666,Block,equiGrain,12,4.873092251,2.15090564,9,0,0,Bottom,Investment
1327.816405,Valve,colGrain,21,3.841104856,9.424573523,19,0,0,Bottom,Continuous
895.2282587,Nozzle,equiGrain,26,4.689014528,3.22541536,20,0,0,Bottom,Continuous
1593.25353,Blade,singleGrain,11,0.754659406,7.206279556,9,0,0,Bottom,Investment
713.9272455,Valve,singleGrain,25,1.266836551,6.364542965,16,0,0,Bottom,Continuous
1698.663364,Blade,singleGrain,13,4.273398874,9.166225261,8,2,0,Top,Continuous
1201.718726,Valve,colGrain,22,1.520554065,1.467028821,16,0,0,Bottom,Investment
955.788072,Nozzle,singleGrain,26,1.659287001,7.4185963,22,0,0,Bottom,Die
885.8401019,Nozzle,singleGrain,30,2.401525406,5.397928236,24,0,0,Bottom,Continuous
2083.37759,Nozzle,colGrain,13,3.105109665,7.358882909,12,0,0,Bottom,Continuous
1391.454236,Valve,equiGrain,20,4.000533142,1.235600578,19,0,0,Bottom,Die
293.8735938,Blade,colGrain,29,1.221452493,8.534108535,17,0,0,Bottom,Continuous
711.1710672,Valve,colGrain,25,4.27937259,1.464496952,21,0,0,Bottom,Die
1722.507852,Block,colGrain,16,3.245683314,7.132176267,18,0,0,Bottom,Continuous
1564.65551,Block,colGrain,23,2.715465924,4.274280442,16,0,0,Top,Continuous
1053.434953,Blade,equiGrain,20,3.999944912,3.195820614,16,0,0,Bottom,Investment
1540.629553,Block,colGrain,16,1.349683098,2.706163518,18,0,0,Bottom,Investment
1139.284546,Blade,equiGrain,22,3.856880136,5.715434263,16,0,0,Bottom,Continuous
1780.003209,Nozzle,singleGrain,10,4.954008691,7.515714562,1,0,0,Top,Investment
1520.74244,Nozzle,singleGrain,19,4.549870884,5.783365407,19,0,0,Top,Investment
983.4802344,Nozzle,singleGrain,26,4.508760578,4.904199407,21,0,0,Bottom,Continuous
1689.664493,Valve,singleGrain,9,2.866485366,9.572346418,1,0,0,Bottom,Investment
1852.620612,Block,equiGrain,10,2.393289282,9.729960392,1,0,0,Bottom,Investment
1489.796666,Blade,equiGrain,8,1.564750015,9.692437252,0,0,0,Bottom,Die
1697.565326,Block,singleGrain,18,4.723157732,8.293227712,15,0,0,Top,Continuous
733.1419948,Nozzle,singleGrain,28,4.728137086,3.433606091,17,0,0,Top,Investment
1214.207065,Blade,equiGrain,5,4.959056709,9.955305786,2,0,0,Top,Investment
872.8672413,Block,singleGrain,29,4.447267913,7.666720523,18,0,0,Top,Continuous
1497.45252,Block,equiGrain,20,0.958671643,2.390334559,18,0,0,Top,Die
1566.386964,Block,equiGrain,22,2.21328773,9.233384586,16,0,0,Bottom,Investment
561.1795409,Nozzle,equiGrain,26,0.532707826,1.884713954,21,0,0,Top,Continuous
2139.398554,Nozzle,colGrain,13,4.920953331,4.235394989,11,0,0,Top,Die
1035.073903,Blade,equiGrain,17,3.630788321,9.60867617,20,0,0,Top,Continuous
1467.492922,Nozzle,singleGrain,23,3.428633248,5.283457002,21,0,0,Top,Investment
1060.484406,Nozzle,singleGrain,24,3.390229268,9.586599889,25,0,0,Bottom,Die
1568.641653,Valve,singleGrain,16,4.407259164,6.448959947,19,0,0,Bottom,Die
2157.08119,Valve,singleGrain,15,4.914758945,6.702141673,10,0,0,Bottom,Die
2134.59314,Block,equiGrain,12,3.271527929,5.116057383,11,0,0,Top,Die
1840.226864,Valve,singleGrain,9,1.440730277,5.347414105,1,0,0,Bottom,Die
1263.879125,Blade,singleGrain,17,3.242773149,3.197814251,25,0,0,Bottom,Continuous
621.9594427,Valve,equiGrain,27,2.666043597,3.219451421,16,0,0,Top,Die
395.6486105,Blade,equiGrain,27,3.784227644,2.872779587,22,0,0,Bottom,Continuous
372.7210447,Blade,colGrain,30,3.587287129,2.405033981,16,0,0,Bottom,Die
1911.922383,Nozzle,equiGrain,10,1.352162519,5.279036363,0,0,0,Bottom,Die
1452.869959,Blade,colGrain,8,3.284083756,8.913667858,3,0,0,Bottom,Continuous
1891.22068,Block,singleGrain,8,1.432219009,2.787138663,0,0,0,Top,Continuous
2005.090672,Nozzle,singleGrain,9,1.99426142,8.499689945,1,0,0,Bottom,Die
1603.36122,Blade,equiGrain,14,4.431236869,2.631725543,7,0,4,Bottom,Investment
510.9575561,Valve,equiGrain,30,2.4606352,3.411295292,18,0,0,Bottom,Investment
2114.923268,Block,singleGrain,15,4.583402418,5.175340569,10,2,3,Top,Continuous
1715.035271,Valve,singleGrain,11,1.806853024,3.659832917,10,0,3,Top,Continuous
1446.581617,Blade,colGrain,6,4.470755993,6.581775577,0,0,0,Top,Die
685.4229569,Block,equiGrain,29,2.136690797,6.809349363,21,0,0,Top,Investment
1169.46462,Blade,singleGrain,17,1.917362676,8.332822674,13,0,0,Top,Continuous
1163.544479,Valve,colGrain,16,0.947244433,2.451463451,18,0,0,Bottom,Investment
1649.848969,Nozzle,singleGrain,20,4.77903359,8.96249924,18,0,0,Bottom,Continuous
748.6921859,Nozzle,equiGrain,27,1.208071873,5.055080014,23,0,0,Top,Die
1777.360632,Valve,singleGrain,12,2.847518763,5.423713555,12,0,0,Top,Investment
1554.125355,Block,equiGrain,20,2.295137748,4.694203532,14,0,2,Top,Continuous
1381.026303,Valve,singleGrain,16,4.719166516,1.944943041,14,0,0,Bottom,Investment
736.5181025,Valve,colGrain,25,4.526790553,6.136202915,16,0,0,Top,Die
751.2209655,Valve,singleGrain,25,3.030899765,3.549614109,21,0,0,Top,Continuous
1958.469061,Block,equiGrain,12,4.467525307,2.279835729,9,0,0,Top,Investment
1518.818618,Block,colGrain,16,1.107251959,2.034466219,17,0,0,Top,Die
943.1537661,Blade,colGrain,19,0.617404528,6.227088687,17,0,0,Top,Die
740.8706793,Block,singleGrain,28,2.901858607,6.603113043,19,0,8,Top,Die
2009.097605,Nozzle,colGrain,12,3.035094828,8.546380713,10,0,0,Top,Die
2005.653067,Nozzle,singleGrain,15,3.735968477,5.022175934,7,0,1,Top,Investment
1619.919943,Valve,colGrain,10,1.365041565,4.733433219,0,0,0,Bottom,Investment
2135.864779,Nozzle,singleGrain,13,4.645295966,9.564784499,11,0,0,Bottom,Investment
1520.467094,Valve,equiGrain,5,3.373621098,1.231544793,1,0,0,Top,Continuous
781.5578946,Valve,colGrain,24,3.817783611,8.918972805,21,0,0,Bottom,Die
921.8609796,Blade,equiGrain,23,1.546578856,5.184328971,18,0,0,Top,Investment
977.4002873,Block,singleGrain,26,2.223588519,3.011037748,24,2,0,Top,Die
695.2935268,Block,equiGrain,30,3.640213398,7.08453076,19,3,0,Bottom,Investment
2122.752588,Block,singleGrain,11,4.642466316,6.20639373,11,0,0,Top,Continuous
1292.863066,Valve,colGrain,16,1.130403375,9.247728756,18,0,0,Top,Continuous
227.3934223,Blade,equiGrain,24,0.653496637,2.795487361,24,0,0,Bottom,Investment
1086.132009,Blade,colGrain,16,2.79731596,6.189029619,18,0,0,Bottom,Investment
1782.340715,Blade,singleGrain,12,4.219173873,3.205714071,10,0,0,Top,Die
1459.829314,Nozzle,singleGrain,22,4.249427706,8.659332204,15,0,0,Top,Investment
1406.399066,Nozzle,colGrain,23,3.916529674,9.885544577,18,0,0,Top,Continuous
1425.480265,Block,colGrain,18,3.493324545,2.278158802,19,0,4,Top,Investment
1808.446592,Nozzle,equiGrain,6,1.041900225,5.155079492,2,0,0,Bottom,Continuous
1337.849842,Valve,colGrain,17,0.540309584,2.846970502,20,0,0,Bottom,Die
1798.451736,Valve,colGrain,11,1.439219913,2.124924399,10,0,0,Bottom,Continuous
659.5638324,Nozzle,singleGrain,25,3.018059047,6.431751734,20,0,3,Top,Investment
2260.396327,Block,equiGrain,15,3.842876347,7.262306075,10,0,0,Bottom,Continuous
771.6348347,Nozzle,colGrain,28,4.873807914,3.695145496,25,0,0,Bottom,Die
500.5712946,Block,equiGrain,29,0.89678258,1.650187846,22,0,0,Top,Investment
2054.78301,Block,singleGrain,14,1.252926224,1.126596319,10,0,0,Top,Investment
773.0650024,Block,equiGrain,29,4.553124678,6.29939698,13,0,6,Top,Continuous
255.1705403,Blade,equiGrain,25,4.56902517,2.764925223,21,0,0,Top,Investment
1677.116388,Nozzle,colGrain,10,1.658309721,3.678346353,1,0,0,Top,Investment
1952.579618,Block,colGrain,9,2.053606737,8.68928937,5,0,0,Top,Die
1427.20465,Blade,equiGrain,5,2.308078908,3.679113592,0,0,0,Top,Die
1049.676359,Block,equiGrain,25,3.063860545,9.746333385,21,0,0,Bottom,Die
2196.19985,Block,colGrain,13,3.189915584,5.0780415,9,0,0,Top,Die
1981.625774,Nozzle,colGrain,13,3.847191012,1.420918583,13,0,0,Top,Investment
1603.780534,Blade,colGrain,15,1.592254292,1.70669817,10,0,0,Top,Die
1624.393606,Nozzle,equiGrain,6,1.896981532,6.782172553,0,0,0,Top,Investment
1150.503948,Blade,equiGrain,19,2.443603955,7.738853091,17,0,0,Bottom,Continuous
1541.208667,Blade,singleGrain,6,2.730340272,9.773489614,1,0,0,Bottom,Continuous
1982.383127,Nozzle,singleGrain,5,4.861740562,3.036109275,0,0,0,Top,Die
1952.212823,Block,colGrain,15,0.51303363,5.941157923,9,0,0,Top,Investment
1757.250815,Valve,colGrain,11,1.277292542,5.78279909,9,0,0,Top,Continuous
1590.838425,Valve,singleGrain,10,0.695092528,3.617649256,1,0,0,Top,Die
1908.691102,Nozzle,singleGrain,5,3.817667666,7.750192285,0,0,0,Top,Die
852.1394766,Block,equiGrain,28,1.766304508,4.356905695,20,0,0,Top,Die
482.3305144,Blade,singleGrain,24,1.069118631,1.516830647,16,0,0,Top,Die
327.3488123,Blade,colGrain,29,2.103400574,1.445713781,12,0,0,Top,Die
667.760144,Valve,equiGrain,25,4.950361143,4.069702808,22,0,0,Top,Die
409.1796129,Blade,singleGrain,25,3.705756163,4.387059144,21,0,0,Top,Investment
803.8818518,Nozzle,colGrain,27,1.015771898,2.98275566,19,0,0,Bottom,Continuous
466.5546873,Blade,singleGrain,24,1.312503836,2.708071879,21,0,0,Bottom,Investment
959.5574073,Blade,colGrain,19,2.833273848,9.988511344,20,0,0,Top,Investment
1115.240716,Blade,colGrain,18,4.877202025,6.4036548,18,0,0,Top,Continuous
1722.50697,Valve,colGrain,9,3.64766584,9.372188165,1,0,0,Bottom,Continuous
845.582602,Block,singleGrain,28,3.608604237,2.326572967,18,0,0,Top,Investment
1615.115654,Block,singleGrain,18,1.286444647,8.551303529,19,0,0,Bottom,Investment
182.7886234,Blade,singleGrain,30,1.342686449,7.555420619,24,0,0,Top,Investment
1600.032378,Block,equiGrain,18,3.366180207,7.685798471,19,0,0,Top,Die
1419.773664,Blade,singleGrain,8,1.499864876,7.973558782,2,0,0,Top,Die
1430.200147,Block,equiGrain,21,4.819600491,1.893351248,16,0,0,Top,Investment
346.280032,Valve,equiGrain,30,1.525327662,4.865835256,26,0,0,Top,Investment
2145.460148,Block,singleGrain,14,4.525155874,9.893054855,9,0,0,Top,Investment
1758.804002,Valve,equiGrain,11,2.019164283,6.793560824,11,0,0,Top,Continuous
1730.051946,Blade,colGrain,11,3.940225467,9.717688713,10,0,0,Bottom,Die
719.63678,Valve,singleGrain,27,4.380210729,6.546797444,27,0,0,Bottom,Continuous
498.2178191,Valve,singleGrain,29,2.952956766,2.616053592,19,0,0,Top,Investment
650.2208137,Valve,singleGrain,26,1.734691604,6.704695583,19,0,0,Top,Die
1988.837881,Valve,colGrain,15,4.329239287,2.337619063,10,0,0,Bottom,Die
1484.772036,Block,singleGrain,23,0.592325766,3.750826527,17,0,0,Top,Investment
1578.773095,Nozzle,equiGrain,20,2.117373741,9.891830366,19,0,0,Bottom,Die
1726.892151,Nozzle,equiGrain,9,2.451248772,2.789056101,2,0,0,Top,Continuous
782.227555,Nozzle,singleGrain,29,3.362554642,6.454318705,19,1,0,Top,Continuous
1298.298955,Blade,singleGrain,22,3.181697345,7.534680843,17,0,0,Bottom,Die
2212.463098,Block,colGrain,15,3.420933951,1.918981264,7,0,0,Top,Continuous
838.7462253,Block,singleGrain,30,1.520216342,2.067561352,24,0,0,Bottom,Continuous
1853.424342,Block,colGrain,8,3.239762923,5.472433152,1,0,0,Bottom,Investment
1143.16031,Valve,equiGrain,22,4.349964195,6.670308351,15,0,0,Top,Investment
1488.792294,Nozzle,colGrain,18,3.352346111,8.000183003,27,0,0,Top,Die
1475.191958,Nozzle,equiGrain,21,4.816860888,9.790315387,15,0,0,Top,Die
1532.578934,Valve,colGrain,6,3.855710851,9.365850765,0,0,0,Top,Continuous
1608.596498,Valve,colGrain,8,1.476340221,4.90019256,1,0,0,Top,Continuous
990.4103937,Nozzle,singleGrain,24,1.107369531,5.019356307,26,0,0,Bottom,Die
1647.88642,Block,singleGrain,21,1.963823227,6.378632639,15,0,0,Bottom,Investment
1912.72241,Nozzle,colGrain,11,3.551638488,9.771804193,9,0,0,Top,Die
1488.469313,Blade,singleGrain,9,1.430476863,7.389619179,2,0,0,Top,Die
318.2750527,Valve,colGrain,28,0.987801243,7.579743483,21,0,0,Bottom,Investment
1795.769426,Valve,singleGrain,5,4.921047035,3.47761499,1,0,0,Bottom,Continuous
2071.729664,Nozzle,colGrain,15,3.335436107,1.644863198,8,0,0,Top,Continuous
727.1004986,Block,equiGrain,27,4.874248981,5.890608945,22,0,0,Top,Investment
569.9605612,Valve,equiGrain,27,3.439858835,5.830207891,18,0,0,Top,Continuous
1027.870063,Blade,equiGrain,19,2.897381472,8.680153442,20,0,0,Bottom,Investment
1409.62729,Nozzle,equiGrain,21,4.6051334,8.143380965,13,0,0,Top,Investment
1202.314365,Valve,colGrain,16,4.709484384,5.837260201,14,0,0,Top,Investment
1021.142863,Blade,equiGrain,16,1.60941689,2.627893813,19,0,0,Top,Continuous
1393.420656,Blade,singleGrain,5,3.754291297,3.138284485,0,0,0,Top,Investment
1578.102404,Block,equiGrain,16,4.6308615,3.098859782,18,0,0,Bottom,Investment
1218.293162,Valve,colGrain,19,3.278412036,4.429254194,18,0,0,Top,Investment
2166.386018,Block,equiGrain,15,4.163557051,7.883570012,10,0,0,Bottom,Investment
1997.612801,Nozzle,singleGrain,13,0.933804812,4.582605285,11,0,0,Top,Investment
1430.145132,Nozzle,equiGrain,16,3.444972329,2.247428056,24,0,0,Bottom,Investment
1546.260943,Blade,equiGrain,11,0.649339774,7.671584318,8,0,0,Top,Die
628.8711944,Block,equiGrain,27,0.501045824,1.646819876,20,0,0,Top,Investment
897.8380548,Nozzle,equiGrain,24,3.416786699,1.09656712,30,0,0,Bottom,Die
1462.022999,Block,equiGrain,21,2.23471201,3.731948105,19,0,0,Top,Investment
1940.958775,Valve,singleGrain,15,1.444684211,7.731084545,10,0,2,Bottom,Die
2190.478235,Nozzle,singleGrain,13,4.498538288,2.430181517,12,0,0,Bottom,Continuous
1503.947441,Nozzle,colGrain,19,2.401415621,8.185751789,19,0,0,Bottom,Continuous
797.4148929,Nozzle,equiGrain,29,4.480660862,3.032271061,28,0,0,Bottom,Continuous
1820.239161,Blade,colGrain,14,2.551622269,6.864461772,10,0,0,Bottom,Die
1354.350917,Valve,equiGrain,16,3.415456443,9.109677082,20,1,0,Top,Die
1545.855294,Nozzle,equiGrain,16,4.778263605,5.966966608,19,0,0,Top,Continuous
1765.152127,Nozzle,colGrain,5,4.600145859,7.587413133,1,4,0,Bottom,Investment
1747.712051,Nozzle,colGrain,8,2.39746631,1.064940531,0,0,0,Top,Continuous
761.3577888,Block,equiGrain,27,3.322011487,9.13305887,17,0,0,Top,Investment
692.5278043,Valve,colGrain,29,3.192708536,6.480751689,18,0,0,Bottom,Die
1512.561546,Blade,singleGrain,8,4.054772251,4.851271344,3,0,0,Top,Die
1662.257999,Nozzle,equiGrain,10,1.962947324,7.240898954,0,0,0,Top,Investment
147.2842878,Blade,equiGrain,29,0.576526343,7.949517512,27,0,0,Top,Continuous
2159.604942,Block,equiGrain,12,3.92092006,3.271428261,9,0,6,Bottom,Die
2058.761872,Nozzle,colGrain,15,3.211682894,2.658373805,9,0,0,Bottom,Investment
1174.436526,Blade,singleGrain,18,3.85662757,7.401180467,19,0,0,Top,Continuous
1369.652912,Blade,colGrain,6,2.116510574,6.469617028,0,0,0,Top,Continuous
1506.769481,Blade,equiGrain,7,2.26537277,4.243175439,2,0,0,Bottom,Continuous
2003.233744,Nozzle,equiGrain,14,1.6695879,1.266088417,10,0,0,Bottom,Investment
1795.113884,Nozzle,colGrain,9,3.415555929,8.282460774,0,0,0,Top,Die
1317.267466,Valve,singleGrain,18,4.678347009,3.285521123,15,0,5,Bottom,Continuous
2094.622988,Nozzle,singleGrain,12,1.037211045,2.489500229,10,0,0,Bottom,Continuous
1757.493223,Nozzle,singleGrain,22,2.310482267,6.198628052,12,0,0,Bottom,Die
1391.245441,Blade,colGrain,8,2.799199166,6.060439249,0,0,0,Top,Continuous
1747.60421,Nozzle,equiGrain,6,1.624699061,3.299127584,0,0,0,Bottom,Investment
1954.399422,Block,singleGrain,6,1.337592565,5.023306439,0,0,0,Top,Continuous
810.9546321,Nozzle,colGrain,29,2.572374114,3.721196102,23,0,0,Top,Die
1499.162172,Block,colGrain,23,1.5675604,8.5244621,18,0,0,Top,Die
1216.969691,Valve,equiGrain,16,1.193963253,8.071221344,18,0,0,Top,Continuous
1684.066562,Nozzle,colGrain,5,2.112982371,1.072114323,0,0,0,Top,Continuous
2056.698403,Nozzle,singleGrain,11,1.650162422,6.524277809,12,0,0,Top,Continuous
2093.399486,Block,equiGrain,14,2.609919273,1.8573407,12,2,0,Top,Continuous
2160.956365,Block,colGrain,13,4.714877318,8.408509906,12,0,0,Bottom,Investment
1747.349502,Block,colGrain,10,3.397937766,8.134988384,1,3,0,Top,Investment
2244.968098,Nozzle,singleGrain,11,2.273498413,6.09451964,13,0,0,Bottom,Die
1977.837717,Nozzle,colGrain,14,1.274527189,2.645131227,12,0,0,Bottom,Investment
1403.864078,Valve,singleGrain,9,1.653161746,6.655996352,0,0,9,Bottom,Investment
1548.318285,Blade,singleGrain,6,4.903023313,2.767083975,2,0,0,Bottom,Die
1298.505961,Blade,colGrain,9,0.759606718,9.54782964,3,0,0,Bottom,Continuous
861.0086888,Block,equiGrain,26,4.834768223,4.5445361,20,0,0,Top,Investment
1349.649073,Blade,singleGrain,5,1.048820893,9.056854445,1,0,0,Top,Continuous
991.0602476,Nozzle,equiGrain,25,3.229424872,3.569043191,23,0,0,Bottom,Die
1659.525167,Block,colGrain,18,2.727961832,5.019596816,18,0,0,Top,Continuous
1187.361756,Blade,singleGrain,23,3.78874269,5.465631608,17,0,0,Top,Die
382.1889197,Blade,singleGrain,30,1.766531947,5.331538068,23,0,0,Bottom,Investment
2234.874585,Nozzle,equiGrain,15,4.918256079,6.514403774,10,0,0,Bottom,Continuous
1336.665514,Valve,singleGrain,16,4.839609496,7.240922627,18,0,0,Bottom,Investment
2076.844815,Block,colGrain,12,3.344149495,7.720379983,10,0,0,Top,Continuous
1884.198398,Nozzle,equiGrain,8,2.609292463,1.594328574,0,0,0,Bottom,Die
1045.318842,Blade,colGrain,18,2.589937989,9.850626489,15,2,0,Top,Investment
1407.291816,Nozzle,singleGrain,17,0.900078699,9.038100572,17,0,0,Top,Investment
969.7165732,Nozzle,singleGrain,24,4.840585055,6.685502898,21,0,0,Bottom,Continuous
1574.89142,Nozzle,equiGrain,16,3.446344647,8.583320927,17,0,0,Bottom,Continuous
2278.75903,Block,colGrain,13,4.879468398,6.526755179,8,0,0,Bottom,Die
793.9794178,Block,equiGrain,26,3.580482713,4.507906971,19,0,0,Top,Investment
2083.968369,Block,colGrain,14,0.931572296,9.007201331,14,0,0,Top,Continuous
2065.516944,Block,equiGrain,8,4.827891191,5.112861818,2,0,0,Bottom,Die
1131.540233,Blade,colGrain,17,2.115490293,9.646592716,14,0,0,Bottom,Continuous
1581.075245,Nozzle,colGrain,21,2.069148423,4.344255397,17,0,0,Bottom,Continuous
1503.729897,Nozzle,singleGrain,23,0.598152028,7.629908742,20,0,0,Bottom,Die
1662.36669,Valve,equiGrain,5,3.902269571,4.756747251,0,0,0,Top,Die
1160.87621,Blade,equiGrain,17,2.761143458,8.007117975,18,0,0,Bottom,Continuous
2118.691317,Block,singleGrain,5,2.857487403,6.882086606,0,0,0,Bottom,Die
1772.902757,Valve,singleGrain,8,2.528879523,2.390273045,2,3,0,Bottom,Continuous
509.4049201,Blade,singleGrain,29,2.977886176,2.796666836,20,0,0,Bottom,Die
1280.612574,Valve,colGrain,18,4.498572864,6.242226013,19,0,0,Bottom,Investment
387.2217105,Blade,singleGrain,30,3.894660479,3.180589377,20,0,0,Top,Continuous
1231.583895,Valve,singleGrain,22,3.535270475,6.862282407,17,0,6,Bottom,Continuous
1255.35477,Valve,colGrain,16,3.550036248,8.606171991,22,0,0,Bottom,Investment
440.8331922,Valve,colGrain,28,4.321078762,7.244988267,19,0,0,Bottom,Investment
1384.070319,Nozzle,equiGrain,18,2.579394087,2.991545028,17,0,0,Bottom,Investment
274.8337529,Blade,equiGrain,30,2.262609993,8.470352228,22,0,0,Top,Die
609.3761215,Blade,singleGrain,26,3.710627357,3.976383628,18,0,0,Bottom,Continuous
278.2722714,Blade,colGrain,29,4.53504338,8.380145003,28,0,0,Top,Continuous
1613.235423,Valve,colGrain,11,2.412684474,1.750292873,7,0,0,Top,Investment
1013.206454,Block,singleGrain,29,3.414429619,7.46060647,21,0,0,Bottom,Continuous
1545.449836,Blade,singleGrain,8,4.73739477,6.654024437,0,0,0,Bottom,Investment
407.5164682,Blade,singleGrain,25,2.506683335,8.412906441,18,0,0,Top,Investment
819.5074676,Nozzle,singleGrain,25,2.543664871,2.338394192,22,0,0,Bottom,Investment
2040.990822,Block,colGrain,12,2.356374349,2.219505661,12,0,0,Top,Continuous
1304.329295,Valve,colGrain,19,4.883119625,2.149195928,15,0,0,Top,Continuous
943.9897125,Block,singleGrain,29,2.747050284,2.657417778,26,0,0,Bottom,Continuous
783.3976279,Nozzle,colGrain,28,4.409634143,2.897595164,26,0,0,Bottom,Die
1489.726366,Blade,singleGrain,12,4.51519571,4.282981881,9,0,2,Top,Investment
2183.831045,Nozzle,singleGrain,11,4.651501063,1.183906996,8,0,0,Bottom,Die
1711.015564,Block,singleGrain,7,0.655591679,9.795841204,0,0,0,Top,Investment
818.5700986,Nozzle,colGrain,24,2.598220091,8.100084602,21,0,0,Bottom,Investment
1729.703104,Blade,equiGrain,13,3.919514603,9.355355001,10,0,0,Bottom,Die
2109.309949,Block,singleGrain,10,0.763504315,5.799251669,0,0,0,Bottom,Die
1730.608643,Valve,colGrain,10,2.001775947,3.713046807,1,0,0,Bottom,Die
1532.24929,Nozzle,colGrain,22,1.68992461,1.124460143,15,0,0,Bottom,Die
1599.011931,Nozzle,colGrain,8,0.70417391,7.99066805,0,0,0,Bottom,Investment
906.7819706,Nozzle,singleGrain,25,4.853024427,3.583547799,25,0,0,Top,Continuous
1176.698413,Blade,singleGrain,19,4.781827553,1.86732405,14,0,0,Bottom,Investment
1860.794774,Block,equiGrain,10,2.827092931,1.976576855,1,0,0,Bottom,Investment
1142.119612,Blade,colGrain,21,3.762289897,5.748305607,18,0,0,Top,Continuous
691.8403605,Block,equiGrain,28,3.183035053,9.434053658,29,0,0,Bottom,Investment
1489.121671,Blade,equiGrain,15,1.087640868,1.707390141,9,0,0,Top,Investment
1533.105152,Blade,equiGrain,6,3.240621774,9.389921119,0,0,0,Bottom,Die
717.0308776,Nozzle,equiGrain,30,2.090765946,6.028371431,24,0,0,Top,Die
1752.28204,Blade,singleGrain,13,3.685525523,6.003277784,10,1,0,Top,Continuous
1783.36646,Nozzle,singleGrain,7,1.767623446,9.740022627,0,0,0,Bottom,Investment
874.5840885,Valve,singleGrain,24,4.788460867,8.738049944,21,2,0,Bottom,Continuous
2263.290341,Block,colGrain,15,2.289516381,1.424576598,13,0,0,Bottom,Die
1792.785588,Nozzle,equiGrain,5,3.175852873,3.795122495,1,0,0,Top,Die
1646.79414,Nozzle,singleGrain,18,4.265579915,7.516709752,12,0,0,Bottom,Investment
1024.932629,Blade,equiGrain,19,2.575317283,8.717588081,18,0,4,Bottom,Investment
1526.928644,Nozzle,colGrain,19,4.202797493,7.707490139,17,0,0,Bottom,Continuous
781.9233011,Nozzle,colGrain,30,2.602711251,4.165347194,21,0,0,Top,Die
780.4795472,Nozzle,singleGrain,27,4.740677159,9.87069425,25,0,0,Top,Investment
982.4315225,Block,colGrain,24,3.751736382,3.37286943,17,0,0,Top,Die
1574.836916,Block,equiGrain,19,4.580738767,6.25859939,18,0,0,Bottom,Investment
1972.381707,Block,colGrain,14,1.455175845,6.712870299,12,0,0,Top,Investment
1412.568941,Valve,equiGrain,18,3.848076357,5.138994382,11,0,0,Top,Die
1905.932204,Block,equiGrain,5,1.405107311,6.558984248,2,0,0,Bottom,Die
1265.585799,Blade,singleGrain,20,2.878942767,3.546709746,23,0,0,Bottom,Die
653.6917878,Blade,singleGrain,24,4.583206426,2.28598578,21,2,0,Bottom,Die
1291.496361,Blade,colGrain,9,0.713007093,1.745969578,1,0,0,Bottom,Investment
721.4750075,Valve,singleGrain,24,2.590238826,1.712118021,19,0,0,Bottom,Investment
628.8137834,Valve,colGrain,28,1.939033806,8.697360768,22,0,0,Bottom,Die
1038.633765,Blade,singleGrain,23,0.77375822,9.064361209,18,0,0,Top,Continuous
1828.443703,Block,equiGrain,9,3.104334702,3.520633264,1,0,0,Top,Investment
1869.015054,Valve,singleGrain,14,2.708777101,7.512177792,7,0,0,Top,Investment
1696.828177,Valve,colGrain,11,0.826794564,3.342271314,10,0,0,Top,Continuous
1513.269142,Blade,colGrain,10,3.530551143,5.601556817,0,0,0,Top,Continuous
994.0935802,Block,singleGrain,27,0.992408829,6.442025037,16,0,0,Bottom,Continuous
2135.177753,Nozzle,singleGrain,11,4.001392413,3.258319047,11,0,0,Top,Die
1257.493455,Blade,singleGrain,18,1.252334737,9.685883322,22,4,0,Bottom,Die
2066.71693,Nozzle,equiGrain,13,1.146109245,3.422047369,9,0,0,Bottom,Continuous
1069.300382,Blade,equiGrain,23,3.639430435,8.401766899,24,0,0,Bottom,Investment
1891.98593,Nozzle,singleGrain,9,3.367802482,3.909809282,0,0,0,Top,Continuous
1687.604874,Valve,equiGrain,14,2.422251697,1.907306488,10,0,0,Top,Investment
1489.97795,Block,colGrain,22,1.462832576,1.96914793,20,0,0,Top,Die
1293.950536,Valve,singleGrain,19,4.361631614,2.70347672,18,0,0,Bottom,Investment
1099.807716,Blade,colGrain,22,4.875760669,9.559799632,14,3,0,Bottom,Die
2059.817163,Block,singleGrain,11,2.118417069,9.156490313,13,0,0,Top,Investment
1361.09275,Valve,equiGrain,20,3.548053443,9.351798587,20,0,0,Bottom,Continuous
2041.1197,Block,singleGrain,7,1.977271986,7.029660122,0,0,0,Top,Die
1572.751998,Nozzle,singleGrain,16,3.415634568,1.90737786,18,0,0,Top,Die
1663.243781,Blade,singleGrain,12,4.15010462,4.408471415,9,0,0,Bottom,Investment
1666.725196,Valve,singleGrain,8,1.926441632,7.734983245,0,0,0,Bottom,Investment
2103.808609,Nozzle,singleGrain,13,1.711888344,8.182900393,9,0,0,Bottom,Investment
1209.42724,Blade,colGrain,19,2.377115209,8.458740921,19,0,0,Bottom,Continuous
1883.787358,Valve,equiGrain,12,2.14099302,5.883156531,14,0,0,Top,Die
1454.471759,Nozzle,singleGrain,16,0.533074002,6.752251064,9,0,0,Top,Continuous
1622.055059,Block,equiGrain,20,3.708373301,6.985476738,17,0,0,Top,Die
1411.606047,Nozzle,equiGrain,23,4.05278709,8.08116603,20,0,0,Top,Continuous
1431.37398,Block,colGrain,17,2.431811234,1.925657595,18,0,2,Top,Investment
1722.485649,Valve,colGrain,7,3.749609961,4.538375103,1,0,0,Bottom,Die
1416.445975,Nozzle,equiGrain,17,4.526487114,7.640761525,20,0,0,Top,Continuous
1494.313518,Nozzle,singleGrain,16,1.096153756,7.358891087,21,0,0,Bottom,Investment
772.849885,Nozzle,equiGrain,24,1.274859355,3.245664465,22,0,0,Bottom,Investment
1446.135107,Nozzle,colGrain,20,3.409999111,8.939962397,18,0,0,Top,Continuous
1158.117382,Blade,colGrain,20,3.354327604,7.893660564,16,0,0,Bottom,Continuous
1365.214506,Valve,colGrain,21,4.202179961,4.858725208,18,0,0,Top,Die
1581.202852,Valve,equiGrain,13,4.827855803,9.791128448,9,0,9,Top,Investment
1685.724837,Nozzle,equiGrain,21,2.620622039,3.751875499,17,0,0,Bottom,Die
1102.312826,Block,singleGrain,25,3.044955454,2.752247425,18,0,0,Bottom,Die
1369.603594,Valve,equiGrain,21,2.480824151,5.740238603,17,0,0,Bottom,Continuous
489.2616741,Valve,colGrain,30,3.312906052,8.682089018,21,0,0,Bottom,Continuous
1019.365522,Blade,colGrain,20,2.749111522,9.290523404,13,0,0,Top,Continuous
1612.689999,Blade,equiGrain,12,2.581692824,3.432796808,10,0,0,Bottom,Investment
1640.361304,Blade,colGrain,15,2.484700094,8.263649401,10,0,0,Top,Die
1503.615722,Blade,colGrain,12,2.797365358,1.717976358,8,0,0,Top,Investment
1618.276509,Blade,singleGrain,11,1.612750741,2.458062416,9,0,0,Bottom,Investment
1778.613581,Valve,equiGrain,10,3.564647139,6.261776414,0,0,0,Bottom,Die
1524.971462,Block,equiGrain,20,1.072716658,9.110977977,17,0,0,Bottom,Continuous
1639.996422,Block,singleGrain,20,3.867642294,6.466860902,18,0,0,Bottom,Investment
735.0586572,Nozzle,singleGrain,30,1.371985689,8.072185983,16,0,0,Top,Die
1282.351355,Blade,singleGrain,21,1.837319046,2.359450267,18,0,0,Bottom,Die
2129.0135,Nozzle,singleGrain,13,4.357057881,7.156414938,12,0,0,Bottom,Investment
1701.59801,Valve,colGrain,6,3.320155091,8.234657964,2,0,0,Top,Die
2076.91237,Block,singleGrain,8,4.692065709,5.118850229,2,0,0,Top,Die
2179.697671,Nozzle,equiGrain,14,2.259276226,7.10428062,12,0,0,Bottom,Die
1760.915041,Nozzle,colGrain,6,2.014625099,9.618314404,1,0,0,Top,Continuous
1311.780878,Valve,colGrain,23,2.786329885,1.989636917,19,0,0,Bottom,Continuous
919.0002419,Block,colGrain,30,3.945981951,3.062727073,19,0,0,Bottom,Continuous
1884.627372,Nozzle,singleGrain,7,4.27226394,7.804713911,0,0,0,Top,Continuous
1773.188381,Nozzle,singleGrain,8,3.452426772,4.71310242,1,0,0,Top,Investment
690.0458483,Valve,colGrain,29,3.484163862,6.564224481,15,0,0,Bottom,Die
1248.507517,Valve,equiGrain,18,0.598480768,1.489696143,18,0,0,Bottom,Continuous
1383.902287,Block,colGrain,16,0.771836658,5.942502543,17,0,0,Top,Investment
1967.817011,Block,equiGrain,6,4.901438128,8.029184345,0,1,0,Bottom,Die
1490.452037,Nozzle,colGrain,18,4.08414035,1.961498964,18,0,0,Top,Continuous
1398.016946,Valve,singleGrain,6,1.710356568,7.158914993,1,0,7,Bottom,Investment
1924.690556,Nozzle,singleGrain,9,2.555043663,3.100129357,0,0,0,Top,Continuous
988.4594867,Blade,colGrain,16,3.856117102,7.051828529,17,3,0,Top,Investment
1526.567226,Block,colGrain,23,2.246137345,4.90074182,17,0,0,Top,Continuous
804.6215709,Nozzle,equiGrain,27,1.820655723,8.778201239,18,2,0,Bottom,Continuous
319.4741673,Blade,singleGrain,28,1.173048332,1.188143474,23,1,0,Top,Continuous
1033.743282,Blade,singleGrain,18,4.42938401,1.687755653,19,0,0,Top,Investment
1668.505451,Block,colGrain,16,2.401354503,2.825786833,18,0,0,Bottom,Die
687.7185428,Valve,singleGrain,27,4.521969532,1.051263196,27,1,0,Top,Die
1884.104388,Block,equiGrain,9,2.316379685,7.106794691,2,0,0,Top,Continuous
546.7498917,Valve,singleGrain,29,2.1213593,7.426006922,21,0,0,Top,Continuous
657.7202924,Valve,equiGrain,26,2.903951454,2.326894747,17,0,0,Bottom,Die
1583.554417,Block,singleGrain,21,4.48937485,7.605660048,14,0,0,Top,Investment
1285.336037,Blade,colGrain,6,2.985834871,2.580278175,2,4,0,Bottom,Investment
388.6920766,Blade,colGrain,29,4.452625199,9.262399287,25,0,0,Bottom,Continuous
2023.432987,Block,colGrain,15,1.295385349,2.153733544,12,0,0,Top,Investment
1532.775017,Nozzle,singleGrain,23,1.965232785,3.227229348,18,0,0,Top,Continuous
1552.551318,Valve,singleGrain,10,0.520093722,1.239062467,2,0,0,Bottom,Investment
1162.309447,Blade,singleGrain,22,2.809776639,8.843542035,15,0,0,Top,Die
2219.017552,Block,colGrain,14,1.522649301,8.808187879,10,0,0,Bottom,Continuous
1112.526482,Blade,singleGrain,21,3.816383578,1.348606594,18,0,0,Bottom,Investment
1520.769196,Block,equiGrain,18,4.903177416,1.624791474,19,0,0,Bottom,Investment
2104.723878,Nozzle,colGrain,11,3.882284371,4.898139685,10,0,0,Top,Die
2010.694303,Nozzle,colGrain,11,1.295396403,3.678770169,10,0,0,Top,Die
781.2113944,Nozzle,equiGrain,26,4.162408292,1.17892435,18,0,0,Bottom,Investment
1767.361117,Blade,singleGrain,13,3.897501609,4.610895236,12,0,0,Bottom,Investment
1300.142578,Valve,singleGrain,17,0.837983376,5.972361715,21,0,0,Top,Continuous
1498.014013,Nozzle,singleGrain,17,2.930262506,5.582787196,13,0,0,Top,Investment
1216.486356,Valve,singleGrain,22,4.833702933,2.391715169,15,0,0,Top,Investment
1716.441971,Nozzle,singleGrain,8,0.541296507,8.671522175,3,0,0,Top,Continuous
1036.260969,Block,singleGrain,24,0.699422209,3.117402703,19,0,0,Top,Die
1855.840878,Block,equiGrain,5,3.268809215,1.920953737,1,0,0,Bottom,Investment
1799.232375,Valve,singleGrain,12,0.642239511,8.492969409,12,0,0,Top,Continuous
996.7930071,Block,colGrain,25,3.624683171,4.560778887,21,0,0,Bottom,Continuous
1644.271465,Nozzle,equiGrain,9,1.077946956,3.455589326,0,0,0,Top,Investment
1313.247386,Nozzle,equiGrain,20,4.425927133,1.326819429,21,0,0,Top,Investment
1379.583758,Blade,colGrain,10,3.41008197,6.783303742,0,0,0,Top,Continuous
1720.912542,Nozzle,singleGrain,17,3.302247841,5.218853941,18,0,0,Bottom,Die
2071.004495,Block,colGrain,12,4.729177984,7.609829334,10,0,0,Top,Continuous
1743.987691,Valve,colGrain,13,3.558896998,2.503373268,12,0,0,Top,Investment
2098.125103,Block,colGrain,11,4.045080174,8.398786543,8,0,0,Top,Continuous
1433.498695,Valve,colGrain,9,4.195113307,4.092003415,2,0,0,Top,Investment
516.1757192,Valve,colGrain,30,2.285062708,5.094970509,19,0,0,Top,Continuous
1058.35277,Blade,singleGrain,18,1.083222311,7.872421064,19,0,0,Bottom,Investment
1967.754333,Block,colGrain,11,3.699699611,7.714944489,9,0,0,Top,Investment
1581.455886,Valve,equiGrain,9,1.349136033,4.67729753,1,0,0,Top,Die
1931.706468,Nozzle,equiGrain,12,1.372874805,6.06107988,13,0,0,Top,Continuous
2050.47757,Nozzle,equiGrain,14,1.050334887,5.184860733,11,0,0,Top,Die
2016.948722,Block,equiGrain,11,3.80683224,6.557050326,10,1,0,Top,Investment
1005.59338,Block,singleGrain,28,4.703537738,5.408168434,23,0,0,Top,Die
1130.436295,Valve,colGrain,23,2.200474062,1.751022445,18,0,0,Top,Investment
1799.519779,Block,colGrain,6,1.556513027,3.292740174,0,0,2,Bottom,Investment
1415.561894,Block,equiGrain,16,3.455178496,8.039744056,18,0,0,Top,Investment
1549.328622,Block,colGrain,22,2.798803276,5.516846032,18,1,0,Top,Investment
2195.769602,Block,equiGrain,14,3.858213966,8.061641268,8,0,0,Top,Die
1537.486622,Blade,equiGrain,13,1.584695366,9.844605894,10,0,0,Top,Continuous
1648.655667,Block,equiGrain,21,1.385366646,1.686394661,15,0,0,Bottom,Die
2045.060051,Nozzle,equiGrain,12,2.208951405,8.928851787,13,0,0,Bottom,Continuous
2152.134447,Block,singleGrain,7,3.938434936,9.008604366,2,0,0,Bottom,Die
1326.250451,Nozzle,colGrain,16,0.680504382,4.521473425,15,0,0,Top,Investment
675.5037957,Nozzle,equiGrain,30,4.136419017,8.193083955,19,0,0,Bottom,Continuous
1803.312328,Nozzle,colGrain,7,0.841253319,4.706931271,0,0,0,Bottom,Continuous
2022.120691,Block,equiGrain,11,2.109821955,1.018951484,10,0,0,Bottom,Investment
2034.935079,Nozzle,colGrain,11,4.305029935,8.776214771,10,0,0,Bottom,Continuous
560.7690758,Valve,colGrain,26,1.818665616,7.057714478,24,0,0,Top,Continuous
1576.500819,Block,colGrain,18,4.187185319,8.191948765,14,0,0,Bottom,Continuous
1583.327836,Valve,singleGrain,6,0.823470962,3.600239206,0,0,0,Bottom,Investment
1727.593871,Block,colGrain,16,2.993234481,3.658119658,19,0,0,Bottom,Continuous
1265.945358,Blade,equiGrain,8,4.446353415,7.444496316,1,0,0,Top,Investment
1297.789361,Valve,singleGrain,19,0.668661639,3.851134504,17,0,0,Top,Continuous
1802.676077,Nozzle,colGrain,10,1.563522332,5.967467474,2,0,0,Bottom,Continuous
1783.012505,Nozzle,equiGrain,8,2.755458393,8.384520813,1,0,0,Top,Die
975.6473152,Block,colGrain,26,2.744457772,9.053462277,20,0,0,Bottom,Continuous
1541.961763,Nozzle,singleGrain,22,3.327420062,6.717508219,19,0,0,Top,Die
970.2884694,Nozzle,singleGrain,28,4.437500912,6.576777636,21,0,0,Bottom,Die
1639.029815,Nozzle,colGrain,17,2.846475557,2.607987732,21,0,0,Bottom,Continuous
1541.004354,Blade,equiGrain,7,1.831986424,5.984751299,1,0,0,Bottom,Die
1078.975018,Valve,equiGrain,23,3.182935804,1.459782491,16,0,0,Top,Investment
1165.731599,Blade,colGrain,16,2.67514611,6.125928268,15,0,0,Bottom,Continuous
2213.697863,Nozzle,singleGrain,15,2.996778602,8.153894979,10,0,0,Top,Continuous
640.8881773,Nozzle,singleGrain,28,1.824403227,4.319872453,19,0,7,Bottom,Investment
2058.0356,Block,colGrain,10,4.296356678,6.936365301,0,0,1,Bottom,Continuous
2092.289865,Block,colGrain,14,3.817059967,4.346549786,11,0,0,Top,Investment
1968.62468,Valve,singleGrain,11,4.169312399,3.871766868,9,0,0,Bottom,Continuous
1095.327351,Valve,colGrain,23,1.465674572,7.205654821,20,0,0,Top,Investment
839.3152155,Nozzle,equiGrain,24,3.726088368,4.191499065,24,0,0,Bottom,Investment
1549.858821,Blade,colGrain,12,3.794623228,9.493962162,11,0,5,Top,Continuous
1789.594261,Valve,equiGrain,11,4.958159199,1.242284838,8,0,0,Top,Continuous
1731.560095,Valve,colGrain,11,4.179471914,9.127131435,10,0,0,Top,Continuous
460.6965726,Valve,equiGrain,30,1.706133972,4.025198683,24,0,0,Top,Die
886.8048836,Nozzle,equiGrain,29,3.898138123,9.91478701,19,0,0,Bottom,Die
1467.089404,Valve,colGrain,7,0.708695936,4.642629409,0,0,0,Bottom,Investment
728.5068097,Block,singleGrain,27,1.52771755,1.08663443,27,0,0,Top,Investment
504.78001,Blade,singleGrain,28,2.491609106,6.114402078,22,0,0,Bottom,Continuous
897.5589298,Nozzle,equiGrain,24,3.126014635,4.06121188,23,0,0,Top,Continuous
797.8873861,Block,equiGrain,24,1.842737382,7.727738691,20,0,0,Top,Investment
713.3131899,Nozzle,colGrain,28,4.216856099,7.793583304,21,0,0,Top,Continuous
1905.823275,Nozzle,singleGrain,6,1.960381315,6.974760999,0,0,0,Top,Die
1496.859401,Blade,singleGrain,5,1.778668503,8.159077855,0,0,0,Bottom,Continuous
1537.368778,Blade,colGrain,8,4.230533375,9.705941678,2,0,0,Bottom,Die
1166.325996,Valve,equiGrain,22,3.952153058,7.553452106,18,0,0,Top,Continuous
1630.586943,Blade,colGrain,14,2.060580804,9.641453002,11,0,0,Bottom,Investment
2167.434088,Nozzle,equiGrain,15,3.912653827,1.12451036,11,0,0,Bottom,Continuous
683.5423689,Valve,equiGrain,26,4.774458952,8.088838022,20,0,0,Top,Die
476.8172205,Blade,colGrain,27,3.054578608,4.554767847,22,0,0,Bottom,Die
1510.858771,Block,equiGrain,21,2.969679845,2.035477055,18,0,0,Bottom,Investment
1327.104648,Valve,equiGrain,17,4.047112353,4.755012273,17,0,0,Top,Die
1201.472389,Blade,singleGrain,22,3.549200059,5.960178349,18,0,0,Top,Continuous
1662.846393,Block,colGrain,17,2.851509711,7.866530257,15,2,0,Top,Die
1685.762144,Block,singleGrain,23,4.881925613,8.736483311,18,0,0,Top,Die
1291.979585,Nozzle,colGrain,17,0.999013266,1.400309752,18,0,0,Top,Continuous
1948.538289,Block,equiGrain,7,2.44623541,7.029039354,1,0,0,Bottom,Continuous
1918.257352,Block,singleGrain,5,2.38058122,2.828259597,2,0,0,Bottom,Investment
1262.405979,Valve,equiGrain,21,2.794441486,8.748828633,19,4,0,Bottom,Continuous
1191.23057,Valve,equiGrain,22,1.260886478,8.335495045,18,0,0,Top,Continuous
234.7177169,Blade,colGrain,29,0.99384982,2.399289366,22,0,0,Top,Continuous
366.5161225,Blade,singleGrain,30,2.298652228,3.439360644,21,0,0,Top,Continuous
770.7729753,Valve,singleGrain,26,4.423732462,8.84107133,22,0,0,Top,Die
1580.833583,Nozzle,singleGrain,21,0.539216451,8.915827456,21,0,0,Bottom,Die
1784.062469,Valve,singleGrain,7,1.668466525,5.460051252,1,0,0,Bottom,Continuous
1671.222789,Block,colGrain,16,4.607224264,5.906296328,19,0,0,Bottom,Continuous
775.7525037,Nozzle,equiGrain,27,3.801185607,7.11650136,21,0,0,Top,Continuous
1712.128002,Valve,colGrain,6,3.025242272,5.957457885,0,0,0,Bottom,Continuous
1784.444963,Nozzle,singleGrain,5,1.357226816,7.303501981,0,0,0,Bottom,Investment
1652.696543,Valve,equiGrain,5,1.578102886,6.758159069,1,0,0,Bottom,Die
607.8868618,Valve,colGrain,30,1.997521889,8.034804641,23,0,0,Bottom,Die
1242.636656,Valve,colGrain,20,1.130110195,9.297275947,21,0,0,Bottom,Investment
2130.400137,Block,singleGrain,14,3.696384555,2.786240958,8,0,0,Top,Investment
1612.509151,Valve,equiGrain,10,1.287446182,8.065380005,0,0,0,Bottom,Continuous
1934.725547,Valve,equiGrain,13,4.193579065,9.259885829,10,0,0,Bottom,Die
1270.699149,Blade,singleGrain,21,2.882112481,3.106540614,15,0,0,Bottom,Continuous
2182.732233,Block,colGrain,15,4.940756857,8.941816577,14,0,0,Top,Continuous
897.9175758,Block,equiGrain,27,3.432311111,4.025965824,18,0,0,Top,Continuous
1017.149785,Blade,singleGrain,21,4.179083842,3.304104158,14,0,8,Top,Die
1356.557037,Valve,singleGrain,23,3.474377091,7.888358807,17,0,0,Top,Continuous
470.9050584,Blade,colGrain,24,3.129499332,7.344694657,25,0,0,Bottom,Continuous
1437.641586,Blade,colGrain,5,1.724032223,3.557828616,0,0,0,Bottom,Investment
1998.890884,Block,colGrain,12,1.338106117,9.374665221,15,0,0,Top,Investment
412.5293351,Blade,colGrain,25,0.619380617,3.811567158,21,0,0,Bottom,Continuous
1227.368569,Valve,equiGrain,18,1.391640394,3.624495007,18,0,0,Top,Continuous
1074.1242,Blade,colGrain,19,1.189310212,4.228677351,18,1,0,Bottom,Investment
1695.668013,Block,colGrain,18,3.355209474,3.888310473,15,0,0,Top,Die
603.2849031,Nozzle,equiGrain,26,0.977407204,6.856202582,25,0,0,Top,Continuous
1471.448107,Blade,colGrain,8,0.63593237,3.020846879,0,0,0,Bottom,Die
560.8868681,Blade,singleGrain,25,2.918793041,4.535130017,23,0,0,Bottom,Continuous
1084.637316,Blade,equiGrain,17,4.06434246,5.489540588,17,0,0,Top,Continuous
338.0973155,Valve,equiGrain,30,0.886974389,8.305570095,25,0,0,Top,Die
746.2759257,Block,colGrain,28,0.643770054,4.281646228,21,0,0,Top,Die
1283.473985,Blade,equiGrain,5,4.564607511,5.690156023,2,0,0,Top,Investment
1834.744854,Nozzle,equiGrain,5,1.845099547,7.343739638,1,0,0,Bottom,Continuous
729.4449745,Nozzle,equiGrain,25,1.327051,2.973473439,22,0,0,Bottom,Investment
1067.17224,Blade,equiGrain,16,0.969857339,3.360293291,16,0,0,Bottom,Investment
2111.339472,Nozzle,equiGrain,12,2.661017506,8.534408228,10,1,0,Bottom,Continuous
1356.618354,Nozzle,colGrain,20,4.21722539,7.848696766,18,0,0,Top,Investment
993.9016797,Blade,singleGrain,20,4.425006839,2.665197573,16,0,0,Top,Investment
778.015523,Nozzle,singleGrain,28,4.049067928,1.074939891,25,0,0,Top,Die
1250.512636,Valve,colGrain,16,3.014587445,2.18315495,20,0,0,Bottom,Investment
1634.710256,Block,singleGrain,19,3.235292735,2.291886648,18,0,0,Bottom,Investment
1620.34949,Block,equiGrain,18,3.240819765,5.01641984,18,0,6,Bottom,Continuous
1575.868114,Nozzle,singleGrain,18,1.83269918,3.100753905,18,0,0,Top,Continuous
906.3252659,Block,equiGrain,29,3.250370266,5.092023674,21,3,0,Bottom,Die
1860.318559,Nozzle,colGrain,13,2.491043464,6.517548922,10,0,0,Top,Investment
795.2999663,Valve,singleGrain,24,1.433321829,5.981388746,16,0,0,Top,Continuous
2044.680393,Nozzle,singleGrain,8,3.780611026,8.198423119,0,0,0,Bottom,Die
551.4832836,Valve,equiGrain,30,4.156526932,2.807941542,20,0,0,Bottom,Die
460.2137562,Blade,equiGrain,27,4.173261572,5.529273618,25,0,0,Bottom,Continuous
1408.825516,Nozzle,equiGrain,18,1.167746811,8.794295783,14,0,0,Bottom,Investment
1568.512708,Block,singleGrain,23,4.040732662,7.332052659,19,0,0,Top,Investment
2033.705594,Block,singleGrain,9,1.988626325,9.364952176,0,0,0,Top,Die
439.7709486,Blade,equiGrain,24,0.727136735,7.835986471,21,0,0,Bottom,Continuous
1384.051984,Valve,singleGrain,19,1.872527754,3.327857321,20,0,0,Bottom,Investment
1447.098878,Valve,singleGrain,5,1.073363549,6.140763015,2,0,0,Top,Investment
1019.226411,Block,equiGrain,25,3.150571006,2.068243177,19,0,0,Bottom,Die
1732.384954,Block,singleGrain,21,3.556546636,6.839576516,15,0,0,Bottom,Continuous
1666.648814,Block,equiGrain,20,4.4174422,6.6688038,19,0,0,Top,Die
1137.159857,Valve,colGrain,18,3.685935157,3.607430994,19,0,0,Top,Investment
514.4930339,Blade,singleGrain,27,3.243523452,7.925738655,19,0,0,Top,Die
1573.191375,Valve,equiGrain,5,4.011560597,6.519713922,3,0,0,Top,Die
1757.137307,Nozzle,equiGrain,9,3.472371696,2.61838019,0,0,0,Bottom,Investment
1699.469404,Nozzle,singleGrain,7,4.135423595,2.263516134,3,0,0,Top,Investment
676.6871101,Valve,singleGrain,27,1.606196074,7.227726553,19,0,0,Top,Die
1891.589959,Nozzle,equiGrain,10,3.181291957,1.247966063,0,0,0,Bottom,Die
2079.405135,Block,singleGrain,12,4.069335499,4.225421935,10,0,0,Top,Investment
1594.776649,Blade,equiGrain,15,1.032508297,4.90365395,11,0,0,Top,Continuous
1888.171638,Valve,singleGrain,10,2.230235754,3.764599989,1,0,0,Bottom,Die
1735.420991,Blade,colGrain,14,3.189524421,6.670795788,10,0,0,Bottom,Die
455.4268334,Valve,singleGrain,25,0.681153555,2.290762723,24,0,0,Top,Investment
427.0237679,Valve,equiGrain,26,0.805188465,3.068074064,21,0,7,Bottom,Investment
1902.589037,Valve,equiGrain,12,1.458395958,4.871779245,10,0,0,Bottom,Continuous
1385.974116,Valve,equiGrain,23,4.402794665,9.52225046,19,0,0,Bottom,Die
1372.42815,Nozzle,equiGrain,20,4.492931444,3.943814311,16,0,0,Top,Investment
1371.508674,Blade,singleGrain,6,4.254755624,7.295354978,0,0,0,Top,Investment
1688.880501,Blade,colGrain,13,0.788965587,5.504683146,12,0,0,Bottom,Continuous
1953.099011,Valve,singleGrain,11,1.98108508,7.692233428,12,0,0,Bottom,Continuous
1680.512535,Valve,singleGrain,10,4.300871796,3.538284303,2,0,0,Bottom,Investment
1140.737308,Valve,colGrain,19,4.70089058,8.320970234,13,0,0,Top,Investment
1801.546004,Blade,singleGrain,14,3.223322545,7.574213924,11,0,0,Top,Die
1145.129512,Valve,colGrain,16,4.56201844,5.150728698,18,0,0,Top,Investment
599.6487389,Valve,colGrain,25,2.199207618,9.069393305,21,0,0,Top,Continuous
909.7298472,Block,colGrain,25,3.701686646,8.146912633,19,0,0,Bottom,Continuous
1360.018387,Valve,colGrain,22,4.990795491,9.208042965,22,0,0,Bottom,Die
1942.302133,Nozzle,colGrain,13,3.421496437,4.280599529,10,0,0,Top,Investment
1759.253524,Valve,equiGrain,15,4.907828607,2.177254749,11,0,0,Top,Investment
1630.151042,Valve,equiGrain,12,0.502787583,3.522188964,10,0,0,Top,Investment
1624.161905,Block,colGrain,20,4.271033678,8.465155456,20,1,0,Top,Die
730.1362205,Valve,colGrain,24,3.918265979,6.994979685,22,0,0,Bottom,Continuous
523.1289952,Nozzle,colGrain,30,1.323678148,8.156807375,24,0,0,Top,Investment
1196.865966,Valve,colGrain,17,1.330004949,7.775170989,23,0,0,Top,Continuous
1419.362159,Nozzle,equiGrain,21,0.76416915,1.070946044,19,0,0,Bottom,Die
442.2712218,Valve,colGrain,28,2.534186602,3.26512923,23,0,0,Top,Continuous
565.7108273,Valve,equiGrain,25,4.529696273,2.350164464,21,0,0,Top,Continuous
1465.539012,Blade,colGrain,10,2.465565293,9.270454789,0,0,0,Bottom,Continuous
865.9678127,Blade,equiGrain,17,1.23890232,1.645269915,19,0,0,Top,Investment
1552.918633,Valve,singleGrain,6,0.715751336,1.346427319,2,3,0,Top,Die
501.224936,Valve,equiGrain,30,4.426994667,4.228150827,26,0,0,Bottom,Investment
1774.361781,Nozzle,singleGrain,5,2.657161036,1.691574438,0,0,0,Top,Continuous
1494.806348,Block,equiGrain,21,1.958105508,9.466196144,22,0,0,Bottom,Investment
1379.511748,Valve,equiGrain,16,1.233346869,7.72839256,13,0,0,Bottom,Die
962.0879619,Nozzle,singleGrain,26,1.921242367,8.800256745,24,0,0,Bottom,Continuous
767.1705322,Block,colGrain,29,2.835941922,8.63428222,23,0,0,Top,Die
1472.928211,Nozzle,singleGrain,16,4.11897187,9.653721037,18,0,0,Top,Investment
2083.008216,Nozzle,singleGrain,12,3.024683,3.382613029,12,0,0,Bottom,Investment
1562.407287,Blade,singleGrain,8,1.845910243,5.113290635,0,0,0,Bottom,Continuous
1630.502759,Valve,colGrain,9,3.454394981,4.921057468,0,0,0,Bottom,Investment
2059.445277,Nozzle,colGrain,13,2.52386882,5.106911381,10,0,0,Bottom,Investment
1459.426384,Nozzle,equiGrain,20,3.959549748,7.468256127,18,0,0,Bottom,Investment
846.1870379,Nozzle,singleGrain,28,2.381176335,9.484650887,21,0,0,Top,Die
1469.079067,Blade,colGrain,8,4.556255832,6.86810982,1,0,0,Top,Continuous
1919.527907,Block,singleGrain,6,0.934321369,8.88130546,0,0,0,Top,Die
1497.678438,Nozzle,singleGrain,17,0.743595807,5.120129133,21,0,0,Bottom,Investment
496.2217044,Nozzle,equiGrain,29,3.368542043,1.017799253,25,0,0,Top,Investment
1346.493144,Valve,singleGrain,16,1.166742946,6.214552058,20,0,0,Top,Die
1950.490988,Nozzle,singleGrain,8,3.112672655,2.394884034,1,0,0,Bottom,Continuous
1347.85897,Valve,equiGrain,18,3.800626541,7.412507163,21,0,0,Top,Die
1829.089563,Valve,equiGrain,11,4.679637789,6.589343051,10,0,0,Bottom,Continuous
2326.25991,Block,singleGrain,13,3.344875843,9.208287553,9,0,0,Bottom,Continuous
1604.372044,Blade,singleGrain,6,3.570499813,6.527505306,0,0,0,Bottom,Die
625.8369611,Valve,colGrain,24,3.151684876,5.253901613,18,0,0,Top,Continuous
1562.536449,Blade,singleGrain,6,3.901502428,4.064765783,1,0,0,Bottom,Continuous
1962.217977,Valve,singleGrain,12,2.607061369,4.735442967,8,0,0,Top,Die
1890.619869,Block,colGrain,5,1.65198075,5.246654811,1,0,0,Top,Continuous
1269.716555,Blade,colGrain,18,3.019223757,4.929478374,18,0,0,Bottom,Die
934.8615633,Block,equiGrain,26,1.182707822,5.722882951,20,0,0,Bottom,Die
1627.006117,Valve,singleGrain,5,2.051525463,1.712001588,1,0,0,Top,Continuous
1740.104103,Valve,colGrain,12,1.540537286,7.67093645,10,0,0,Bottom,Investment
628.4177551,Block,colGrain,29,3.797904628,5.118134418,22,0,0,Top,Investment
1573.667271,Valve,equiGrain,5,3.293918381,9.160003547,0,0,0,Top,Continuous
839.0847564,Block,singleGrain,26,3.887602572,9.150178503,20,0,0,Top,Investment
836.6689067,Blade,equiGrain,19,0.64142545,1.121857046,18,0,0,Top,Investment
2089.737592,Block,singleGrain,12,1.305920833,7.635031992,10,0,0,Top,Investment
2380.142759,Block,singleGrain,15,4.872448888,5.663509137,11,0,0,Bottom,Die
1005.873743,Blade,equiGrain,17,4.158962304,5.888747905,17,0,7,Bottom,Investment
344.7114487,Blade,equiGrain,29,2.296343295,7.565122773,24,0,0,Bottom,Continuous
714.9792755,Block,singleGrain,28,2.727681644,1.868942246,25,0,0,Top,Investment
2142.698293,Valve,singleGrain,15,2.375290577,3.212658298,9,0,0,Bottom,Die
2052.112471,Nozzle,colGrain,11,1.217586442,5.181089164,10,0,0,Top,Continuous
1789.920133,Blade,singleGrain,11,3.470469053,4.752395826,10,0,0,Bottom,Continuous
1452.775254,Block,equiGrain,23,0.667453963,4.041504911,18,2,0,Top,Die
469.7547198,Blade,singleGrain,26,4.392518866,8.641808264,21,0,0,Bottom,Investment
2130.731833,Nozzle,equiGrain,15,2.434617659,6.479831207,9,0,0,Top,Die
1785.618014,Valve,colGrain,11,3.295987183,3.585447125,9,0,0,Top,Continuous
268.4110107,Blade,colGrain,25,3.861422455,6.952767509,26,0,0,Top,Investment
666.9962107,Nozzle,colGrain,27,0.579166694,6.975800534,27,0,0,Bottom,Continuous
1306.834886,Blade,equiGrain,10,1.118105955,5.857758448,1,0,0,Bottom,Investment
1638.42712,Block,singleGrain,18,3.293163825,8.736270741,20,0,0,Top,Continuous
1504.256648,Valve,singleGrain,21,2.201991219,5.899255442,24,0,0,Bottom,Die
1640.581048,Blade,equiGrain,12,3.310469222,4.354039596,13,0,0,Top,Continuous
1272.58204,Valve,equiGrain,23,3.640871424,4.104327787,13,0,0,Top,Continuous
1487.707327,Valve,colGrain,6,0.562488743,2.677539091,2,0,0,Bottom,Die
2075.432037,Block,equiGrain,14,1.08323191,9.09007215,9,0,0,Top,Continuous
1309.073119,Blade,colGrain,6,0.779063407,4.733587534,1,0,0,Top,Continuous
2163.192981,Block,colGrain,13,0.988889249,2.553946789,11,0,0,Bottom,Continuous
1655.713641,Valve,colGrain,10,4.250575524,1.558572631,1,0,0,Bottom,Continuous
487.3198521,Valve,colGrain,29,2.2622442,6.695185723,20,0,0,Top,Continuous
1908.059828,Nozzle,equiGrain,10,4.944508186,3.805996855,2,0,0,Bottom,Continuous
1545.775855,Blade,singleGrain,7,4.606149443,7.459935072,0,0,0,Bottom,Investment
1854.413259,Nozzle,colGrain,8,0.911934978,7.746646284,0,0,0,Bottom,Die
1513.460946,Blade,colGrain,6,2.74192519,3.823380435,0,0,0,Bottom,Continuous
1508.883558,Block,singleGrain,22,1.340210265,5.282520362,17,0,0,Top,Investment
2235.808581,Nozzle,singleGrain,15,3.994140567,6.320709143,14,0,0,Bottom,Die
1987.941993,Block,singleGrain,8,4.470933896,7.204403026,1,0,0,Bottom,Investment
478.1110048,Blade,equiGrain,27,2.867049668,8.653583402,23,0,0,Bottom,Die
1527.858354,Nozzle,colGrain,10,0.808689872,7.896822345,0,0,0,Top,Investment
434.6843369,Blade,equiGrain,27,4.950105544,9.733695809,18,1,0,Top,Die
807.4994216,Valve,singleGrain,29,2.678911211,7.635240813,21,0,0,Bottom,Die
1525.849763,Blade,equiGrain,13,2.237079769,7.910486959,12,0,0,Top,Investment
1452.923072,Nozzle,singleGrain,17,1.294930093,5.591598677,20,0,0,Top,Investment
1400.444173,Blade,singleGrain,10,1.681838959,5.78555725,0,0,0,Top,Investment
841.6227495,Block,equiGrain,29,3.149450565,7.671969292,14,0,0,Bottom,Investment
1937.793861,Valve,singleGrain,13,0.72671669,8.233354278,10,0,0,Bottom,Continuous
1400.769295,Block,colGrain,17,3.16491452,1.064019851,18,0,0,Top,Investment
1598.231454,Valve,singleGrain,6,0.881979221,8.344335062,0,0,0,Top,Continuous
1607.271067,Block,singleGrain,22,1.432943418,4.001043523,22,0,0,Bottom,Investment
1924.959269,Nozzle,equiGrain,9,3.539720402,4.921953987,1,0,0,Bottom,Continuous
1423.722511,Nozzle,singleGrain,18,0.740444082,6.369508422,19,0,0,Top,Investment
1704.74237,Blade,equiGrain,13,1.53712123,4.72047945,10,0,6,Bottom,Die
954.2862354,Nozzle,singleGrain,27,2.312173508,3.533498974,18,0,0,Top,Die
1179.058275,Nozzle,equiGrain,22,0.575341099,8.127359215,20,0,0,Top,Investment
1973.520438,Block,colGrain,8,4.514886761,5.630995033,0,0,6,Top,Die
494.8900055,Valve,equiGrain,30,0.989353074,6.102723387,21,0,0,Bottom,Die
532.9545365,Blade,singleGrain,26,4.490137448,1.940012734,18,0,0,Top,Die
1907.252385,Blade,singleGrain,12,2.112795859,3.720923184,9,0,0,Bottom,Die
1841.141757,Nozzle,singleGrain,7,4.738818934,4.257927607,1,0,0,Top,Continuous
1977.784965,Block,colGrain,15,0.847645306,1.948772199,7,0,0,Top,Investment
330.1000176,Blade,singleGrain,29,0.854755164,9.200472716,22,0,0,Top,Die
1694.057145,Nozzle,equiGrain,8,0.797400861,5.585055745,0,0,0,Top,Continuous
1544.098793,Blade,equiGrain,13,0.825444238,3.979154447,10,0,0,Top,Continuous
1300.17068,Blade,equiGrain,7,1.131167523,2.280459165,1,0,0,Bottom,Investment
803.2846808,Blade,equiGrain,22,0.6621535,2.477157002,23,0,2,Top,Investment
1625.043483,Blade,singleGrain,15,4.796272974,5.448941757,11,0,5,Top,Continuous
999.3473607,Block,singleGrain,27,2.789889892,3.376406285,23,0,0,Top,Continuous
2021.145624,Nozzle,equiGrain,14,1.354580416,6.424898131,10,0,0,Top,Die
1582.401202,Valve,equiGrain,6,3.7160906,9.858365811,2,0,0,Top,Die
2161.110065,Nozzle,equiGrain,13,4.213831721,6.984702289,10,0,0,Bottom,Die
1556.490366,Valve,colGrain,9,0.606276304,1.467558861,1,0,0,Bottom,Continuous
1780.013639,Nozzle,colGrain,12,0.830368152,9.481382907,8,0,0,Top,Investment
1365.469203,Nozzle,equiGrain,18,0.76006063,9.693240844,25,0,0,Top,Continuous
1241.503941,Valve,equiGrain,18,0.979770701,3.092685267,18,0,0,Top,Die
1390.380543,Valve,singleGrain,16,2.503488935,9.857158762,14,0,0,Top,Continuous
1132.897153,Valve,singleGrain,23,1.546110844,2.998617137,19,0,0,Top,Investment
1633.848855,Nozzle,colGrain,6,4.063934681,1.077969028,0,0,10,Bottom,Investment
1686.307546,Valve,singleGrain,5,3.844925903,4.052175088,1,0,0,Bottom,Investment
1690.527724,Nozzle,singleGrain,23,4.079943508,2.142484443,16,0,0,Bottom,Die
770.5138301,Nozzle,colGrain,30,4.119383588,3.911901156,19,1,0,Bottom,Die
1531.434506,Block,equiGrain,18,4.967431273,1.343155502,18,0,0,Top,Continuous
1867.611623,Nozzle,singleGrain,8,0.992670853,7.1249128,1,0,0,Bottom,Continuous
922.0236535,Block,singleGrain,29,4.313945577,9.921543936,21,0,0,Top,Die
1692.051324,Valve,colGrain,13,1.065496058,1.634730856,14,0,0,Bottom,Investment
1463.936942,Nozzle,singleGrain,20,3.981506408,8.809317309,18,0,0,Top,Investment
2101.49798,Block,singleGrain,11,4.034205693,7.989360806,10,0,0,Top,Investment
1488.602269,Nozzle,equiGrain,23,3.658845029,2.949187789,24,0,0,Bottom,Continuous
1979.683541,Nozzle,colGrain,14,4.518100203,2.003702755,11,0,0,Top,Investment
1020.762229,Blade,singleGrain,23,2.625469895,4.164490327,17,0,0,Top,Investment
1610.917418,Nozzle,colGrain,20,2.324098361,2.79568161,20,3,0,Bottom,Die
1044.71066,Block,colGrain,25,4.650192166,2.7246523,14,0,0,Bottom,Die
1191.044151,Blade,equiGrain,22,1.726865154,9.890576611,20,0,0,Bottom,Die
1912.053875,Valve,colGrain,14,3.825293607,4.990217597,12,0,0,Top,Continuous
1846.639422,Nozzle,singleGrain,6,2.134381013,2.775576136,0,0,0,Top,Die
1915.773081,Block,singleGrain,6,1.380761829,8.766206905,2,1,0,Top,Continuous
779.9137667,Nozzle,singleGrain,28,1.036198874,5.429696471,23,0,0,Top,Continuous
1723.258815,Block,equiGrain,16,3.493001064,3.424654723,18,0,0,Bottom,Die
1403.781306,Nozzle,singleGrain,23,3.686772202,3.668661869,18,0,10,Top,Die
1420.550142,Blade,colGrain,7,0.901828884,1.357615199,1,0,0,Bottom,Die
1721.92712,Nozzle,singleGrain,18,3.403246944,6.717177544,19,0,0,Bottom,Continuous
2054.064604,Block,singleGrain,10,2.848781478,7.421537182,0,0,0,Top,Die
115.1205629,Blade,colGrain,29,2.698841038,2.470016129,27,0,0,Top,Investment
1664.782422,Nozzle,singleGrain,18,3.474075829,5.179099621,19,0,0,Top,Continuous
543.4521656,Block,equiGrain,29,0.676751701,9.139606531,21,0,5,Top,Investment
1153.987956,Blade,singleGrain,21,1.947319544,6.159701007,18,0,0,Bottom,Investment
2173.915593,Nozzle,equiGrain,11,2.481412457,4.704145644,8,0,0,Bottom,Die
861.4955878,Block,singleGrain,27,0.776766929,7.222661365,22,0,0,Top,Continuous
1744.358589,Nozzle,singleGrain,10,2.876331252,1.331402807,0,0,0,Top,Investment
1379.23383,Valve,singleGrain,17,1.800103991,1.458964638,15,0,0,Bottom,Continuous
522.8935921,Nozzle,colGrain,28,2.348423875,1.443034993,15,0,0,Top,Investment
1336.875489,Valve,colGrain,18,0.957410982,5.923032926,11,2,0,Bottom,Die
1712.878155,Block,colGrain,17,3.337623853,4.630156237,19,0,0,Top,Die
1472.721424,Nozzle,colGrain,23,1.388943936,9.422781435,17,0,0,Bottom,Continuous
1876.0617,Nozzle,equiGrain,5,1.87176152,7.48881242,0,0,0,Bottom,Continuous
845.4562997,Block,colGrain,29,1.709492163,7.652197724,17,0,8,Bottom,Die
809.7075516,Nozzle,colGrain,28,4.690329519,5.255052274,21,0,0,Bottom,Investment
866.7103373,Nozzle,singleGrain,24,1.406901788,2.380513114,21,0,0,Top,Die
2204.943848,Block,colGrain,14,2.925831676,9.469014249,10,0,0,Bottom,Continuous
283.8151972,Blade,equiGrain,28,1.420941852,2.806698981,21,0,0,Bottom,Continuous
692.5642534,Nozzle,colGrain,28,2.544096277,8.839871746,22,0,0,Bottom,Investment
476.0135377,Blade,singleGrain,28,1.84764772,4.067781342,23,0,0,Bottom,Continuous
1735.976455,Valve,equiGrain,12,1.371495329,2.385550706,8,0,0,Top,Continuous
562.725426,Valve,colGrain,28,0.858089643,1.774450044,18,0,0,Bottom,Continuous
867.3689528,Nozzle,singleGrain,28,4.157369555,9.607713023,17,0,0,Top,Die
1260.931656,Blade,equiGrain,19,4.062679492,7.093139188,15,0,0,Bottom,Die
1541.562327,Nozzle,colGrain,17,2.86714627,1.109651609,18,0,0,Bottom,Continuous
1816.653037,Valve,colGrain,13,1.914450268,3.126967253,11,0,0,Bottom,Investment
1320.34753,Nozzle,colGrain,19,4.339038913,9.812891395,19,0,0,Top,Investment
1616.276648,Block,colGrain,20,0.884692318,1.927679968,15,0,0,Bottom,Die
1854.421414,Valve,colGrain,12,3.984728699,1.52290325,11,0,0,Top,Die
1691.780615,Block,singleGrain,22,3.811725838,1.874233158,17,0,0,Top,Die
1376.825163,Valve,equiGrain,21,3.535931964,6.557181323,17,0,0,Top,Die
494.5108777,Valve,equiGrain,27,2.127050637,8.778834891,23,0,0,Top,Continuous
1768.627363,Valve,equiGrain,14,1.087049737,9.577445205,11,0,0,Bottom,Investment
2063.81632,Nozzle,equiGrain,14,3.467700039,6.440102149,9,0,0,Top,Continuous
2083.052809,Nozzle,colGrain,11,3.896439332,3.046481858,10,0,0,Bottom,Continuous
961.4492914,Blade,equiGrain,17,1.018823811,2.384308128,18,0,0,Top,Die
946.5194417,Blade,colGrain,21,2.785209872,9.269719992,19,0,0,Top,Investment
328.2234793,Blade,singleGrain,28,1.168102229,6.401137513,21,0,0,Top,Die
1146.96551,Blade,singleGrain,18,3.820125029,1.824498965,20,0,0,Top,Continuous
1728.041454,Valve,singleGrain,5,3.832099141,8.605178882,1,0,0,Bottom,Continuous
496.1682867,Blade,equiGrain,24,4.884381327,4.639310372,16,0,0,Bottom,Investment
1140.124775,Blade,colGrain,19,2.298728759,7.614840124,21,4,0,Top,Die
1849.418133,Nozzle,singleGrain,5,2.359729608,4.017242876,1,0,0,Top,Investment
1928.257021,Nozzle,colGrain,13,4.245365476,4.075907312,8,0,0,Top,Investment
1695.041077,Blade,equiGrain,11,3.350528127,7.263401073,8,0,0,Top,Die
1967.6076,Valve,colGrain,15,1.813518858,2.028141163,9,0,0,Bottom,Die
1520.980479,Blade,colGrain,6,4.921342264,6.515441799,1,0,0,Bottom,Continuous
1315.26312,Blade,equiGrain,8,4.211669346,4.912951606,0,0,0,Top,Investment
633.202714,Valve,equiGrain,30,4.786953962,7.988851372,13,0,0,Bottom,Die
809.6855479,Nozzle,singleGrain,30,3.068994182,3.816919051,13,0,0,Bottom,Investment
1376.308472,Valve,colGrain,18,3.894514575,2.182407941,19,0,0,Bottom,Die
1966.839376,Valve,equiGrain,11,3.847334292,4.159084711,10,0,0,Bottom,Die
451.5639219,Blade,colGrain,27,4.689441417,2.327967813,18,0,0,Bottom,Die
1977.166299,Block,singleGrain,9,4.921098532,6.097221548,0,3,0,Top,Die
1367.417324,Valve,singleGrain,22,2.853272284,5.132828788,21,0,0,Top,Continuous
1695.53103,Valve,colGrain,6,2.273044072,6.475334957,0,0,0,Bottom,Die
1813.034894,Nozzle,colGrain,6,2.107523128,3.378678865,0,0,0,Bottom,Investment
268.1854398,Blade,equiGrain,26,0.820308086,8.56183976,20,0,0,Top,Investment
2088.077919,Block,singleGrain,11,2.459403128,8.600978946,8,2,0,Top,Investment
1835.507637,Nozzle,equiGrain,7,2.024706884,9.614266167,1,0,0,Bottom,Continuous
515.1542798,Valve,singleGrain,27,4.77113828,6.050077059,26,0,0,Top,Investment
1946.76838,Blade,singleGrain,13,2.077243281,6.305787922,10,0,0,Bottom,Die
2125.517165,Block,singleGrain,6,3.309293481,4.321634045,1,0,0,Bottom,Die
541.535109,Blade,singleGrain,24,4.732212397,4.750946381,21,0,0,Bottom,Investment
1264.998557,Valve,colGrain,23,4.013223892,8.616506488,17,0,0,Top,Die
1953.954595,Valve,singleGrain,12,1.781667917,6.296786783,9,0,0,Bottom,Investment
598.6337366,Nozzle,colGrain,29,4.979082045,1.096273281,17,0,0,Top,Investment
1012.62102,Block,singleGrain,28,3.514064236,9.376543626,21,0,0,Bottom,Die
1641.432695,Block,singleGrain,19,1.79574387,3.997666515,23,0,0,Top,Die
1720.125217,Valve,singleGrain,11,1.05326899,5.348356302,10,0,0,Top,Investment
1120.185346,Valve,colGrain,22,2.181929892,2.138406774,17,0,0,Top,Investment
591.2309242,Blade,equiGrain,24,2.695922131,8.214473925,22,0,0,Bottom,Continuous
663.4515398,Nozzle,singleGrain,27,1.835939317,8.989644196,20,0,7,Top,Continuous
1816.951834,Block,equiGrain,5,1.142265644,5.222961929,0,0,0,Top,Die
1110.713118,Blade,colGrain,23,4.634035077,6.087776823,16,4,0,Bottom,Die
1836.293352,Nozzle,equiGrain,13,0.850690135,4.848540059,10,0,0,Top,Investment
498.4354353,Valve,equiGrain,27,0.550178544,1.93991723,21,0,0,Bottom,Continuous
1029.332729,Nozzle,singleGrain,26,2.290032234,8.701092218,21,0,0,Bottom,Die
1378.531169,Blade,colGrain,12,0.550902847,2.287971137,9,0,0,Bottom,Investment
1352.238919,Blade,colGrain,10,0.753188624,2.304787316,1,0,0,Bottom,Die
1166.944458,Blade,singleGrain,21,4.568853377,3.3691109,16,0,0,Bottom,Investment
1754.661031,Nozzle,colGrain,8,1.886875935,1.993459862,4,0,0,Top,Continuous
1836.523338,Block,equiGrain,8,0.662724615,8.612853627,1,0,0,Bottom,Continuous
2124.06409,Nozzle,colGrain,15,1.674199364,8.602746848,9,3,0,Bottom,Continuous
406.5878074,Valve,equiGrain,26,3.489534098,8.284411477,22,0,0,Top,Investment
424.1253372,Blade,singleGrain,25,0.610217849,7.957595729,20,0,3,Bottom,Die
1737.801789,Valve,singleGrain,10,1.745850349,1.820919073,0,0,0,Bottom,Continuous
1298.298554,Blade,colGrain,6,1.692412111,3.880048736,2,0,0,Bottom,Investment
1527.095864,Nozzle,colGrain,20,2.29452983,6.826290587,23,0,0,Top,Die
1534.424801,Valve,singleGrain,5,4.873694324,2.092565281,1,0,9,Bottom,Continuous
1793.071242,Nozzle,equiGrain,5,1.147261754,2.632731474,1,0,0,Bottom,Die
1143.52815,Blade,equiGrain,21,0.870158273,4.432746557,17,0,1,Bottom,Continuous
613.7175732,Valve,singleGrain,28,3.799352124,6.152269286,29,0,0,Bottom,Investment
880.3244362,Block,singleGrain,28,2.433605697,2.348390291,17,3,0,Bottom,Investment
686.9211218,Nozzle,equiGrain,28,1.262103751,3.775352252,23,0,0,Top,Die
1279.555513,Valve,colGrain,19,0.825579179,8.609841326,19,0,0,Bottom,Continuous
861.2187776,Nozzle,singleGrain,25,1.60741235,6.432624589,24,0,0,Top,Continuous
1773.976175,Valve,colGrain,13,1.260497044,2.085999273,10,0,0,Top,Die
624.3432226,Blade,singleGrain,24,3.213099416,7.051166865,23,0,0,Bottom,Die
1275.991201,Nozzle,equiGrain,23,1.855771839,2.914587484,17,0,0,Top,Investment
1583.015017,Blade,equiGrain,11,1.329633329,1.321115276,11,0,0,Bottom,Die
1621.741128,Nozzle,singleGrain,21,4.018072303,3.786322569,16,0,0,Top,Die
822.8006552,Nozzle,equiGrain,26,3.689017038,8.292126207,22,3,0,Bottom,Continuous
931.6485727,Blade,colGrain,21,4.870966526,7.534410492,17,0,0,Top,Investment
2167.573231,Nozzle,equiGrain,12,4.756416153,9.228754877,13,0,0,Bottom,Die
1635.14179,Nozzle,colGrain,18,1.432412967,5.88534606,18,0,0,Bottom,Die
1469.305921,Valve,colGrain,5,4.413216398,9.157843156,3,1,0,Bottom,Investment
1152.598941,Block,singleGrain,24,3.800153526,8.679124203,21,0,0,Bottom,Continuous
407.1670864,Blade,equiGrain,24,4.64662212,9.955156363,21,0,0,Top,Continuous
733.7619262,Valve,singleGrain,24,4.312466323,4.895420319,25,0,0,Bottom,Investment
2118.887932,Block,equiGrain,13,3.751626722,6.34704968,11,0,0,Top,Continuous
2062.690762,Block,singleGrain,6,3.900933251,5.094266447,2,0,0,Bottom,Continuous
1512.736238,Nozzle,equiGrain,21,4.843594251,7.404217106,22,0,0,Top,Die
414.6935188,Blade,equiGrain,26,4.22434778,1.658915576,22,0,0,Top,Die
1919.175798,Valve,equiGrain,15,2.465045425,1.23326643,13,0,7,Bottom,Die
1846.546292,Block,equiGrain,6,4.299173007,2.207032684,0,0,0,Bottom,Investment
1527.374744,Block,colGrain,20,3.180232322,1.116104762,19,0,0,Top,Continuous
1037.17666,Blade,colGrain,20,0.940416361,4.451654208,18,0,0,Top,Die
1033.631802,Block,singleGrain,24,0.655645298,1.722846124,21,0,0,Bottom,Die
1868.899574,Nozzle,colGrain,14,3.978440514,3.443135115,14,0,0,Top,Investment
338.2564023,Blade,equiGrain,28,2.145825697,4.028923095,21,0,0,Bottom,Investment
1553.262075,Valve,equiGrain,7,0.608187172,6.572418281,0,0,0,Bottom,Die
1508.074186,Nozzle,singleGrain,23,2.688651063,8.173216834,19,0,0,Top,Continuous
971.5518215,Blade,singleGrain,22,1.569800396,9.263526472,19,0,0,Top,Investment
561.308614,Nozzle,colGrain,26,1.639828268,7.70262968,33,0,10,Bottom,Investment
2167.588449,Block,colGrain,15,4.561107763,7.490156961,11,0,0,Top,Continuous
1716.980569,Block,equiGrain,16,2.033384764,8.752825859,18,0,0,Bottom,Die
696.9772627,Valve,colGrain,24,2.525641128,5.101368862,21,0,0,Top,Continuous
649.0971813,Nozzle,equiGrain,26,2.200067946,8.758718722,25,0,0,Top,Investment
581.8924802,Nozzle,colGrain,28,2.80969885,9.038981815,21,0,7,Top,Continuous
1013.300677,Nozzle,singleGrain,27,4.478271601,5.062460662,17,0,0,Bottom,Die
1535.326495,Valve,colGrain,7,3.654828719,5.103190157,1,0,7,Top,Die
1865.978574,Blade,singleGrain,15,4.109578965,7.703676506,9,0,0,Bottom,Continuous
1289.800226,Valve,equiGrain,23,1.193605129,9.303690635,15,0,0,Bottom,Die
865.1245232,Nozzle,colGrain,28,3.174563598,3.344516672,26,0,0,Bottom,Continuous
1988.919525,Block,singleGrain,6,2.592475712,8.458418415,5,1,0,Top,Die
310.8072128,Blade,colGrain,28,3.9832009,4.657304923,25,0,0,Top,Continuous
2121.679506,Nozzle,equiGrain,15,4.768928269,8.040639731,10,0,0,Top,Die
1421.578866,Block,colGrain,17,3.49837703,6.595293452,21,0,0,Top,Investment
653.7753319,Nozzle,equiGrain,27,3.487370948,3.940586646,20,4,1,Bottom,Investment
2016.667135,Block,singleGrain,8,1.797181354,7.326845329,0,0,0,Top,Die
707.7266489,Nozzle,equiGrain,27,0.832242009,8.41696515,20,0,0,Top,Die
1746.814528,Blade,colGrain,13,3.122397896,5.817594878,10,0,0,Top,Die
990.2915668,Nozzle,colGrain,25,3.114606724,7.556727257,21,0,0,Bottom,Continuous
1548.82008,Valve,colGrain,9,2.153858344,5.748713054,0,0,0,Top,Investment
781.1195073,Nozzle,singleGrain,30,2.845990136,5.778488597,20,0,0,Top,Continuous
2204.722114,Nozzle,singleGrain,15,3.723672327,7.385192312,10,0,0,Top,Die
462.9848174,Blade,equiGrain,24,2.023623821,2.7417135,20,0,0,Bottom,Continuous
1426.29887,Nozzle,equiGrain,21,1.741669871,7.206022065,12,0,0,Bottom,Investment
1538.072772,Blade,colGrain,14,1.6588475,8.276387916,12,0,0,Top,Investment
1893.052813,Nozzle,equiGrain,9,2.124313744,5.033329612,0,0,0,Bottom,Continuous
932.4607156,Nozzle,singleGrain,27,1.190001738,3.979770534,19,0,0,Bottom,Continuous
